fraction,x,y,ux,uy
0.0,-31.3019,0.0,-0.026870744467419085,-0.006452876193129643
0.0,-30.9831,0.0,-0.02641467977787953,-0.006037569840614826
0.0,-30.6644,0.0,-0.025852509400779357,-0.0055246324170833035
0.0,-30.3456,0.0,-0.02517211706990096,-0.004970923661874035
0.0,-30.0269,0.0,-0.024359575723152258,-0.004493217757095877
0.0,-29.7081,0.0,-0.023314343638453732,-0.00416283994139322
0.0,-29.3893,0.0,-0.022093948384738386,-0.00415405002651087
0.0,-29.0706,0.0,-0.020686071872340926,-0.004392701182055439
0.0,-28.7518,0.0,-0.0191230631895375,-0.0047084539438301725
0.0,-28.4331,0.0,-0.017485100454955743,-0.004894774245575568
0.0,-28.1143,0.0,-0.015876001758260937,-0.004818058802425449
0.0,-27.7955,0.0,-0.014381174248432188,-0.004496438685396523
0.0,-27.4768,0.0,-0.013041243164113888,-0.0040839539379322965
0.0,-27.158,0.0,-0.011857837318439982,-0.003795348177965826
0.0,-26.8393,0.0,-0.01080775102384984,-0.0038076485399950472
0.0,-26.5205,0.0,-0.00984182600242298,-0.004158587411643454
0.0,-26.2017,0.0,-0.008882098723113359,-0.004698360711580585
0.0,-25.883,0.0,-0.007829387637615483,-0.005166028034333713
0.0,-25.5642,0.0,-0.006605456711410466,-0.005347327310275271
0.0,-25.2455,0.0,-0.005192627970682367,-0.00518560762768141
0.0,-24.9267,0.0,-0.003623755901644587,-0.004774925730648293
0.0,-24.6079,0.0,-0.0019310165822595219,-0.00429348044738082
0.0,-24.2892,0.0,-9.71932394687419e-05,-0.003937597812987667
0.0,-23.9704,0.0,0.0019308200315060217,-0.003846092632267951
0.0,-23.6517,0.0,0.004207827167183531,-0.0040499611859204305
0.0,-23.3329,0.0,0.0067297752875805205,-0.004471275832606264
0.0,-23.0141,0.0,0.009384611005872847,-0.004948010609622615
0.0,-22.6954,0.0,0.011985255189751064,-0.005237999510823146
0.0,-22.3766,0.0,0.014390121630332469,-0.005045023794889971
0.0,-22.0579,0.0,0.01656766474142462,-0.004132766543952899
0.0,-21.7391,0.0,0.01857492857539563,-0.002444852851844634
0.0,-21.4204,0.0,0.020533575636308147,-0.00018774661164046714
0.0,-21.1016,0.0,0.022597095562722727,0.0021721475160823636
0.0,-20.7828,0.0,0.024875430366342193,0.004057182569420499
0.0,-20.4641,0.0,0.027456261740283944,0.004979973438880417
0.0,-20.1453,0.0,0.030452382028727742,0.004751584682491573
0.0,-19.8266,0.0,0.0339752872951549,0.003564918268513355
0.0,-19.5078,0.0,0.0380385374961219,0.001884020869225869
0.0,-19.189,0.0,0.04251004554057432,0.00021409794167065053
0.0,-18.8703,0.0,0.04714986459811877,-0.0011222360846840094
0.0,-18.5515,0.0,0.05168222610180118,-0.0020351255651312942
0.0,-18.2328,0.0,0.05588146133985578,-0.002558279472097941
0.0,-17.914,0.0,0.059633279429521076,-0.0027311897744331237
0.0,-17.5952,0.0,0.0629672490825628,-0.002508850916086311
0.0,-17.2765,0.0,0.06612197701352503,-0.0017834862265467596
0.0,-16.9577,0.0,0.06954428627557521,-0.000538865648479607
0.0,-16.639,0.0,0.07375859481356693,0.0010284581553494207
0.0,-16.3202,0.0,0.07922521188955041,0.0025332863434339536
0.0,-16.0014,0.0,0.08618262911034556,0.0035422390328028433
0.0,-15.6827,0.0,0.09449564734482255,0.0037486108846230912
0.0,-15.3639,0.0,0.10368893982051255,0.0031246557201539057
0.0,-15.0452,0.0,0.1131712337443196,0.001975011324956032
0.0,-14.7264,0.0,0.12246834677147367,0.000770144673054971
0.0,-14.4077,0.0,0.1314522781779164,-0.00017985814487500064
0.0,-14.0889,0.0,0.14045877268097012,-0.0008877976223733473
0.0,-13.7701,0.0,0.1500839207289613,-0.0016055977538834167
0.0,-13.4514,0.0,0.16078743129431664,-0.0025993350651043147
0.0,-13.1326,0.0,0.17266608628737096,-0.0038782410880909743
0.0,-12.8139,0.0,0.1854297587908438,-0.005082445676262344
0.0,-12.4951,0.0,0.19859195864603213,-0.005641942055970135
0.0,-12.1763,0.0,0.21181374128042524,-0.005045456551946404
0.0,-11.8576,0.0,0.2251389615422659,-0.003164320873558858
0.0,-11.5388,0.0,0.23893929193502678,-0.00042300910390734737
0.0,-11.2201,0.0,0.25369385937598843,0.0023261782634687884
0.0,-10.9013,0.0,0.26973328166519267,0.004149029491419201
0.0,-10.5825,0.0,0.2869513042440203,0.0044052033647052095
0.0,-10.2638,0.0,0.30474458210552563,0.003002024963857923
0.0,-9.94502,0.0,0.322325697304855,0.0004544397169565041
0.0,-9.62626,0.0,0.33911764911795006,-0.002373067049287967
0.0,-9.3075,0.0,0.3550168175725935,-0.004693939472951251
0.0,-8.98874,0.0,0.3703814550552293,-0.005961285947213295
0.0,-8.66998,0.0,0.3858375418832635,-0.005951917557571974
0.0,-8.35123,0.0,0.4020133873187464,-0.004882817228043817
0.0,-8.03247,0.0,0.41928773897523397,-0.0032315117902017867
0.0,-7.71371,0.0,0.43763801841787214,-0.0014472894935938186
0.0,-7.39495,0.0,0.45661522854289455,0.00013090021147464138
0.0,-7.07619,0.0,0.4754524072673721,0.0012109048070497283
0.0,-6.75743,0.0,0.4932837726809701,0.0016506286640852047
0.0,-6.43867,0.0,0.5093241599493373,0.0014144161969784136
0.0,-6.11991,0.0,0.5230584399830179,0.000415129475356925
0.0,-5.80115,0.0,0.5343393925201715,-0.0013845008641976226
0.0,-5.48239,0.0,0.5432967608300032,-0.0038072954588565817
0.0,-5.16363,0.0,0.5502607972989572,-0.006529034685130491
0.0,-4.84487,0.0,0.5557001912168662,-0.009204836632684567
0.0,-4.52611,0.0,0.5600609608182074,-0.011490411518146552
0.0,-4.20736,0.0,0.5636180718062022,-0.013133737907880734
0.0,-3.8886,0.0,0.5663561280907659,-0.014102452356548504
0.0,-3.56984,0.0,0.5680300610783414,-0.014422304400162674
0.0,-3.25108,0.0,0.5683176191065433,-0.014040611331924243
0.0,-2.93232,0.0,0.5670287117270452,-0.01290696950493782
0.0,-2.61356,0.0,0.5644214097055793,-0.011063674607353816
0.0,-2.2948,0.0,0.5613905642700965,-0.008762354556832856
0.0,-1.97604,0.0,0.5592735000208898,-0.006366426909596138
0.0,-1.65728,0.0,0.559479289171809,-0.00440214693501975
0.0,-1.33852,0.0,0.5630503518398828,-0.0034127049233168578
0.0,-1.01976,0.0,0.5702127427285422,-0.00375479088837884
0.0,-0.701004,0.0,0.5802012094513432,-0.005589398576699916
0.0,-0.382245,0.0,0.5909616046843533,-0.008881912183100743
0.0,-0.063486,0.0,0.5996498504212552,-0.013347191098192657
0.0,0.255273,0.0,0.6037705747319253,-0.01796845316342819
0.0,0.574032,0.0,0.6024160423118007,-0.023124334593525177
0.0,0.892792,0.0,0.5961133210303804,-0.028259329891537344
0.0,1.21155,0.0,0.5872922372315958,-0.0319774815598207
0.0,1.53031,0.0,0.5789789229011366,-0.034715116013206766
0.0,1.84907,0.0,0.5731828514113455,-0.03678823180357867
0.0,2.16783,0.0,0.5696857434526006,-0.03867496973834314
0.0,2.48659,0.0,0.5664738485151118,-0.04062488712164362
0.0,2.80535,0.0,0.5607415276681267,-0.04232210507829297
0.0,3.12411,0.0,0.5502418903185068,-0.042939183808668416
0.0,3.44287,0.0,0.5347740881345356,-0.041643396105866176
0.0,3.76162,0.0,0.5163062195291827,-0.03815885427298187
0.0,4.08038,0.0,0.49771528884679833,-0.033034090730140075
0.0,4.39914,0.0,0.48129185918399375,-0.027520074800854354
0.0,4.7179,0.0,0.46798556223093707,-0.023085052696366574
0.0,5.03666,0.0,0.45746093778135327,-0.020699182826107308
0.0,5.35542,0.0,0.44854718207013833,-0.020393475551515983
0.0,5.67418,0.0,0.4404026948076691,-0.021326222216392375
0.0,5.99294,0.0,0.4329732236075014,-0.022137170342687237
0.0,6.3117,0.0,0.4270986991520197,-0.021359807350983168
0.0,6.63046,0.0,0.4237583402549477,-0.018315390604527852
0.0,6.94922,0.0,0.42288107397837743,-0.013943332505425964
0.0,7.26798,0.0,0.42294529786051027,-0.007936443455021707
0.0,7.58673,0.0,0.4216417129091301,-0.0016272014138295071
0.0,7.90549,0.0,0.41650835414507403,0.0037488884507326627
0.0,8.22425,0.0,0.40569186425240283,0.007349747442296165
0.0,8.54301,0.0,0.38044332939407105,0.012726831291275394
0.0,8.86177,0.0,0.3616800334311047,0.014236968002544228
0.0,9.18053,0.0,0.3435630619354158,0.011108874796897827
0.0,9.49929,0.0,0.3267297519493072,0.01010274613899097
0.0,9.81805,0.0,0.3117617942107287,0.0069785687489393065
0.0,10.1368,0.0,0.2980112573132375,0.0012887905225186028
0.0,10.4556,0.0,0.28613794864222986,-0.005862890674047504
0.0,10.7743,0.0,0.2766812599434394,-0.01321048245077649
0.0,11.0931,0.0,0.27080009497607227,-0.019463038240295084
0.0,11.4118,0.0,0.26852757558899965,-0.023354999915392367
0.0,11.7306,0.0,0.26808099353385323,-0.024242132691648273
0.0,12.0494,0.0,0.267010679203394,-0.0228891167874599
0.0,12.3681,0.0,0.26342070915582194,-0.020755779653551756
0.0,12.6869,0.0,0.25652037731494415,-0.019160224904318165
0.0,13.0056,0.0,0.2467391395426849,-0.018857701147797563
0.0,13.3244,0.0,0.23532277702532067,-0.019927326546061077
0.0,13.6432,0.0,0.22371092434925346,-0.021937708945543068
0.0,13.9619,0.0,0.21293030727327003,-0.024265405267652446
0.0,14.2807,0.0,0.20342025256983906,-0.02635420409736319
0.0,14.5994,0.0,0.19513381494239163,-0.027885247939917496
0.0,14.9182,0.0,0.1877864677632706,-0.028755154595357282
0.0,15.237,0.0,0.18104317528758052,-0.029053757781214426
0.0,15.5557,0.0,0.17464817383946363,-0.028929727104728006
0.0,15.8745,0.0,0.16843060857067735,-0.028565242014434028
0.0,16.1932,0.0,0.16228975227431783,-0.0281633922346005
0.0,16.512,0.0,0.1562315145020587,-0.027874559241127063
0.0,16.8308,0.0,0.15041829568833495,-0.027728506709871453
0.0,17.1495,0.0,0.14515305936419268,-0.027631780227026122
0.0,17.4683,0.0,0.14069431392281193,-0.027403088765017854
0.0,17.787,0.0,0.13701304040565726,-0.02689177733079235
0.0,18.1058,0.0,0.1337581658748207,-0.026103700048533792
0.0,18.4245,0.0,0.13041843649574167,-0.025212329566526706
0.0,18.7433,0.0,0.12656354445448664,-0.02441259367092163
0.0,19.0621,0.0,0.12207190914402621,-0.023832857051258108
0.0,19.3808,0.0,0.11718689452984134,-0.023503102921176054
0.0,19.6996,0.0,0.11233391783272752,-0.02338998699778821
0.0,20.0183,0.0,0.10785266834251736,-0.023411127805194942
0.0,20.3371,0.0,0.10383581711456695,-0.023455561088291752
0.0,20.6559,0.0,0.10012452681105216,-0.023419704067873807
0.0,20.9746,0.0,0.09644254287335374,-0.023179337930217373
0.0,21.2934,0.0,0.09256942984619976,-0.022600044730468845
0.0,21.6121,0.0,0.08846831609498722,-0.021634136060967018
0.0,21.9309,0.0,0.08429105719201735,-0.02036578872373272
0.0,22.2497,0.0,0.08029807180620212,-0.018970614976058932
0.0,22.5684,0.0,0.076713905523734,-0.017655544223627938
0.0,22.8872,0.0,0.07363443070327415,-0.016571023672163947
0.0,23.2059,0.0,0.07100715573800259,-0.01571682627287646
0.0,23.5247,0.0,0.06869778887628772,-0.01493182394999157
0.0,23.8435,0.0,0.06653434762854805,-0.013961302115927696
0.0,24.1622,0.0,0.0642988137603066,-0.012549106791312345
0.0,24.481,0.0,0.06175704627354224,-0.01050890252087338
0.0,24.7997,0.0,0.05867011940946829,-0.0077884359768909065
0.0,25.1185,0.0,0.054827771302372895,-0.004476265206766311
0.0,25.4372,0.0,0.05014118523830188,-0.0007157524116372044
0.0,25.756,0.0,0.04469750191235135,0.003338883680480022
0.0,26.0748,0.0,0.038733766621090376,0.007475866498083801
0.0,26.3935,0.0,0.03257942422665295,0.011360756662684749
0.0,26.7123,0.0,0.026591648621524556,0.014528781381186637
0.0,27.031,0.0,0.021078615449232528,0.016475349178279614
0.0,27.3498,0.0,0.01619340531680638,0.0168035711985658
0.0,27.6686,0.0,0.011968927282380349,0.015375620511463198
0.0,27.9873,0.0,0.008359378884155737,0.012367538753343892
0.0,28.3061,0.0,0.005257508572057687,0.00823015217653409
0.0,28.6248,0.0,0.0025420039572831305,0.0035508679300128966
0.0,28.9436,0.0,0.00011026343360197527,-0.0010869383426922834
0.0,29.2624,0.0,-0.00211945670262642,-0.005218071012535412
0.0,29.5811,0.0,-0.004188679445465181,-0.008562334016035239
0.0,29.8999,0.0,-0.006077762506889681,-0.01100656703460602
0.0,30.2186,0.0,-0.007725691602243284,-0.012546289184896458
0.0,30.5374,0.0,-0.009096089712287618,-0.013263462911864938
0.0,30.8562,0.0,-0.010182944000482957,-0.01332461615977527
0.0,31.1749,0.0,-0.011019974452348128,-0.012973462719744751
0.0,31.4937,0.0,-0.011686942847887325,-0.0124536077724931
0.0,31.8124,0.0,-0.012274185656054504,-0.011955355109727396
0.0,32.1312,0.0,-0.01284238507680775,-0.011568490795518659
0.0,32.45,0.0,-0.013420292673523512,-0.011268894034582177
0.0,32.7687,0.0,-0.014010705523364834,-0.010956453438495104
0.0,33.0875,0.0,-0.014583336897306511,-0.010522926692629577
0.0,33.4062,0.0,-0.015097467027047241,-0.009907314810667417
0.0,33.725,0.0,-0.015529857692591222,-0.009135814652554135
0.0,34.0437,0.0,-0.01585690138293012,-0.00833541163070815
0.0,34.3625,0.0,-0.01604008139741129,-0.0076879616203554945
0.0,34.6813,0.0,-0.01606620656364984,-0.007362382059508861
0.0,35.0,0.0,-0.015972709486486793,-0.007467706579992688
0.0,35.3188,0.0,-0.01584166828454978,-0.00803330141847244
0.0,35.6375,0.0,-0.015791493898524987,-0.009019421870927401
0.0,35.9563,0.0,-0.015958833738052555,-0.010330496171244756
0.0,36.2751,0.0,-0.01642278619690232,-0.011821364000838795
0.0,36.5938,0.0,-0.01712492610883573,-0.013302696618981416
0.0,36.9126,0.0,-0.01787516302552634,-0.014574333114538558
0.0,37.2313,0.0,-0.018426177468296237,-0.015480287337731768
0.0,37.5501,0.0,-0.018571177165371267,-0.015956863876732418
0.0,37.8689,0.0,-0.018253038773960582,-0.016056705105272618
0.0,38.1876,0.0,-0.017612874985792223,-0.015904691110239382
0.0,38.5064,0.0,-0.0169306707064437,-0.015619681703377516
0.0,38.8251,0.0,-0.01649171398154701,-0.015248280314364884
0.0,39.1439,0.0,-0.016461932610554272,-0.014764163165975569
0.0,39.4627,0.0,-0.01681602725841968,-0.014115344700979466
0.0,39.7814,0.0,-0.01735814271487139,-0.01329099574421341
0.0,40.1002,0.0,-0.017829353596453327,-0.012361174356380351
0.0,40.4189,0.0,-0.01803761700929087,-0.011474738525777399
0.0,40.7377,0.0,-0.017942652273948662,-0.010807587962781178
0.0,41.0565,0.0,-0.0176450660192633,-0.010484016907425217
0.0,41.3752,0.0,-0.017318102732037977,-0.0105094650411238
0.0,41.694,0.0,-0.017124128201201492,-0.01077425760252132
0.0,42.0127,0.0,-0.017150593193666016,-0.011108254620580117
0.0,42.3315,0.0,-0.017394046363272627,-0.01135917644284824
0.0,42.6502,0.0,-0.017774423599728528,-0.011459627295467838
0.0,42.969,0.0,-0.018175264512042166,-0.011445315051476456
0.0,43.2878,0.0,-0.01850216881059016,-0.011411687337731768
0.0,43.6065,0.0,-0.018726865380912297,-0.011458571361137553
0.0,43.9253,0.0,-0.018884345033364246,-0.01164196304036335
0.0,44.244,0.0,-0.01904904963483721,-0.011940256325819312
0.0,44.5628,0.0,-0.019297959344624045,-0.012256739914790033
0.0,44.8816,0.0,-0.019658643453737263,-0.012472995572798533
0.0,45.2003,0.0,-0.020083100283540867,-0.012513419797761107
0.0,45.5191,0.0,-0.020478857185750314,-0.012385292676564767
0.0,45.8378,0.0,-0.020758936041737973,-0.012202088680941746
0.0,46.1566,0.0,-0.0208770787908009,-0.012155365799189145
0.0,46.4754,0.0,-0.02085509834188467,-0.012409422063047586
0.0,46.7941,0.0,-0.020798447647378353,-0.01300453755940408
0.0,47.1129,0.0,-0.020859534145884432,-0.013828221767526334
0.0,47.4316,0.0,-0.021174190587055622,-0.014644513486656912
0.0,47.7504,0.0,-0.02180950223849866,-0.015195482514649238
0.0,48.0692,0.0,-0.022735363195435378,-0.015321538547988551
0.0,48.3879,0.0,-0.023836309202761294,-0.015020849126645516
0.0,48.7067,0.0,-0.024961637857781955,-0.014417768664427691
0.0,49.0254,0.0,-0.025980552372957693,-0.013680194903452307
0.0,49.3442,0.0,-0.02682173619244754,-0.012945683646539556
0.0,49.6629,0.0,-0.02748323307899624,-0.012291648902024268
0.0,49.9817,0.0,-0.02801226709945309,-0.01176605391132911
0.0,50.3005,0.0,-0.028470564288926758,-0.011437309397922734
0.0,50.6192,0.0,-0.02889980888804057,-0.01140425358180095
0.0,50.938,0.0,-0.029298012810379342,-0.011779388431223147
0.0,51.2567,0.0,-0.029622026438363886,-0.012647008620657919
0.0,51.5755,0.0,-0.029829047523271972,-0.0140008741790676
0.0,51.8943,0.0,-0.029902090419656326,-0.015721266871975215
0.0,52.213,0.0,-0.029836571803197733,-0.017609921272481177
0.0,52.5318,0.0,-0.02962973056800674,-0.01944183030401223
0.0,52.8505,0.0,-0.029302417833864183,-0.021004425182396765
0.0,53.1693,0.0,-0.02888875981896389,-0.022130789713823033
0.0,53.4881,0.0,-0.028424474090318907,-0.022743120106583956
0.0,53.8068,0.0,-0.02794449668244813,-0.022859432264867897
0.0,54.1256,0.0,-0.02748146559812983,-0.022578034726666602
0.0,54.4443,0.0,-0.02704662635115061,-0.02204276338168726
0.0,54.7631,0.0,-0.026645428319409994,-0.021389799850641215
0.0,55.0819,0.0,-0.02630131730631796,-0.020697746029382007
0.0,55.4006,0.0,-0.026040115410464422,-0.019993089443399125
0.0,55.7194,0.0,-0.02586831555527611,-0.019279532205763648
0.0,56.0381,0.0,-0.025789659535238388,-0.018569005459898123
0.0,56.3569,0.0,-0.02579562707520905,-0.017894158438890386
0.0,56.6757,0.0,-0.025848928681439214,-0.017298513096518663
0.0,56.9944,0.0,-0.025899669607054445,-0.016809016914828934
0.0,57.3132,0.0,-0.025916593614799487,-0.016428951876561754
0.0,57.6319,0.0,-0.025880748331532012,-0.016143427098955616
0.0,57.9507,0.0,-0.025790068764787503,-0.0159448080089101
0.0,58.2694,0.0,-0.025683120775900604,-0.015843456458835246
0.0,58.5882,0.0,-0.025639486347611883,-0.015857254359065768
0.0,58.907,0.0,-0.02576211084889624,-0.015977243576492862
0.0,59.2257,0.0,-0.026161661312883427,-0.01614468953801612
0.0,59.5445,0.0,-0.026932422862368497,-0.016261075687794575
0.0,59.8632,0.0,-0.02810417697325108,-0.016201868841740442
0.0,60.182,0.0,-0.029608736914586035,-0.015849064773711577
0.0,60.5008,0.0,-0.03128926103078926,-0.015138430299620193
0.0,60.8195,0.0,-0.03293624876758586,-0.014056310788441207
0.0,61.1383,0.0,-0.03427319189640928,-0.012952476617274796
0.0,61.457,0.0,-0.0352889004896654,-0.011828698755769482
0.0,61.7758,0.0,-0.03598934480210477,-0.010794692298347758
0.0,62.0946,0.0,-0.036445930690481784,-0.009899342947051417
0.25,-31.3019,2.17191,-0.028912889844101685,-0.007056618711108439
0.25,-30.9831,2.33129,-0.028526176539421043,-0.007149525575206821
0.25,-30.6644,2.49067,-0.027750782581584428,-0.007445491869597585
0.25,-30.3456,2.65005,-0.026612241321702385,-0.00792289055512902
0.25,-30.0269,2.809425,-0.025137313441792736,-0.00844888235146482
0.25,-29.7081,2.9688,-0.02338859762196069,-0.008960549330196032
0.25,-29.3893,2.9688,-0.0218268898509803,-0.00949161064156858
0.25,-29.0706,2.889125,-0.020486616707572635,-0.009986105020557554
0.25,-28.7518,2.889125,-0.019218841003281,-0.010213244805976051
0.25,-28.4331,2.889125,-0.018045951610007067,-0.010224547210606495
0.25,-28.1143,2.889125,-0.016927299512817958,-0.010055404173525306
0.25,-27.7955,2.889125,-0.015860554759712174,-0.009798848503114965
0.25,-27.4768,2.809425,-0.014803046548205082,-0.009519922318838393
0.25,-27.158,2.72975,-0.013761590135857236,-0.009330213569308967
0.25,-26.8393,2.65005,-0.012670879300118749,-0.009205955484856714
0.25,-26.5205,2.65005,-0.011535767127951601,-0.0091879108995888
0.25,-26.2017,2.65005,-0.010252898847740784,-0.00916979544909313
0.25,-25.883,2.65005,-0.008838282038856357,-0.00918716689155768
0.25,-25.5642,2.65005,-0.0073512525464482755,-0.00933642433603001
0.25,-25.2455,2.57035,-0.0057088531174107554,-0.009525415322979439
0.25,-24.9267,2.65005,-0.004271649559875306,-0.010352805635440226
0.25,-24.6079,2.65005,-0.0025866558247767987,-0.01113268060406866
0.25,-24.2892,2.65005,-0.0006918722101451007,-0.011853877953171435
0.25,-23.9704,2.72975,0.0013642906459220595,-0.012416706485609632
0.25,-23.6517,2.72975,0.0036860603849106404,-0.012459170358115591
0.25,-23.3329,2.65005,0.006091268870918922,-0.011943605839355395
0.25,-23.0141,2.65005,0.00836171492437607,-0.011230316493138808
0.25,-22.6954,2.41098,0.010579096710045538,-0.009867285049419394
0.25,-22.3766,2.41098,0.012745972579037883,-0.00930163421493577
0.25,-22.0579,2.57035,0.014905766903921808,-0.00939239927328688
0.25,-21.7391,2.57035,0.016908091151004254,-0.009697696161227651
0.25,-21.4204,2.49067,0.01889550142519173,-0.01065794104452543
0.25,-21.1016,2.41098,0.020990991201198756,-0.012314696506314865
0.25,-20.7828,2.41098,0.022895938522067123,-0.014370685714496569
0.25,-20.4641,2.33129,0.0256326236017509,-0.016253180180552534
0.25,-20.1453,2.2516,0.028867131501110917,-0.01718448572077088
0.25,-19.8266,2.17191,0.03256379639946705,-0.01699262460268831
0.25,-19.5078,2.09222,0.03666116447262553,-0.015830064657902265
0.25,-19.189,2.01253,0.04111007661655827,-0.01410445090460825
0.25,-18.8703,2.01253,0.045629247299830956,-0.012996796249068033
0.25,-18.5515,1.93284,0.05048734860488805,-0.01158901790799638
0.25,-18.2328,1.93284,0.055078764052246564,-0.011247234898835883
0.25,-17.914,1.93284,0.05951300720697113,-0.011257624759546135
0.25,-17.5952,1.93284,0.0638765459132078,-0.011446692716629833
0.25,-17.2765,1.93284,0.06841285944062646,-0.011589370668694083
0.25,-16.9577,1.93284,0.07339968344614793,-0.011422309462771132
0.25,-16.639,2.01253,0.07897031630472492,-0.011373156394632093
0.25,-16.3202,1.93284,0.08504368746170823,-0.009567572701571481
0.25,-16.0014,1.93284,0.09147504892487801,-0.008017516722151228
0.25,-15.6827,1.85315,0.0983763428450687,-0.005576229493515265
0.25,-15.3639,1.85315,0.10540453455670132,-0.004526214783388525
0.25,-15.0452,1.7734625,0.11334571602551789,-0.0035862095623758494
0.25,-14.7264,1.7734625,0.12184049545988868,-0.0042739739250625105
0.25,-14.4077,1.7734625,0.13137105432863,-0.005252955532698349
0.25,-14.0889,1.6937725,0.14185676687882456,-0.0054507446177466615
0.25,-13.7701,1.5343925,0.15251582668087,-0.0050145524888722745
0.25,-13.4514,1.4547025,0.16354511048373108,-0.004532352431619169
0.25,-13.1326,1.4547025,0.1752759108272497,-0.004520958246338707
0.25,-12.8139,1.4547025,0.1876211127738553,-0.005195962771686931
0.25,-12.4951,1.4547025,0.20066071403342364,-0.006618351169697974
0.25,-12.1763,1.3750125,0.21420198093485418,-0.008102949786996255
0.25,-11.8576,1.3750125,0.2284670857786238,-0.009292222889016584
0.25,-11.5388,1.3750125,0.24325652970979444,-0.009285758774165284
0.25,-11.2201,1.3750125,0.2585053784674806,-0.00787959838311873
0.25,-10.9013,1.3750125,0.2741643520447801,-0.005343736494864243
0.25,-10.5825,1.3750125,0.2901169690607169,-0.0022103611066411287
0.25,-10.2638,1.2953225,0.30553755363061275,0.000983629329737238
0.25,-9.94502,1.2953225,0.3212962555772183,0.0037073489440238483
0.25,-9.62626,1.2953225,0.3367494918992161,0.006072275662401311
0.25,-9.3075,1.2156325,0.3516603894945856,0.007391889468242695
0.25,-8.98874,1.2156325,0.3674942492793767,0.009079478967395662
0.25,-8.66998,1.2156325,0.3843645182591734,0.01068636234203489
0.25,-8.35123,1.1359425,0.40179736171506497,0.011125193409295527
0.25,-8.03247,1.1359425,0.42104908987261297,0.012554950528287872
0.25,-7.71371,1.1359425,0.440715784799831,0.013915683069227764
0.25,-7.39495,1.0562525,0.45944635017817204,0.014067310102889453
0.25,-7.07619,1.0562525,0.4775992979680453,0.015217528700737363
0.25,-6.75743,1.0562525,0.49396798093485417,0.01618922449773197
0.25,-6.43867,1.0562525,0.5082739657510168,0.016950831381437576
0.25,-6.11991,0.9765625,0.5205926803816197,0.01630596183662998
0.25,-5.80115,0.9765625,0.5309848619796295,0.016569541641121777
0.25,-5.48239,0.9765625,0.5398207047150503,0.016951980560964038
0.25,-5.16363,0.9765625,0.5475267278375346,0.017783439843211755
0.25,-4.84487,0.9765625,0.5544806601610142,0.01928964303527849
0.25,-4.52611,0.8968725,0.5606250072963107,0.01883731324662938
0.25,-4.20736,0.8968725,0.56612799860636,0.021100286959842188
0.25,-3.8886,0.8968725,0.5704047879064268,0.02331321126378341
0.25,-3.56984,0.8968725,0.5729510007474761,0.025002777027730468
0.25,-3.25108,0.8968725,0.5734701619021415,0.025936616437284392
0.25,-2.93232,0.8968725,0.572102205351895,0.026182984317250132
0.25,-2.61356,0.8968725,0.5694832666348706,0.026064308566134085
0.25,-2.2948,0.8968725,0.5666774838836385,0.026015373385794082
0.25,-1.97604,0.8968725,0.5647908019107374,0.02642367965777385
0.25,-1.65728,0.8968725,0.5646975343355473,0.027363746895404793
0.25,-1.33852,0.8171825,0.5662541826168507,0.025517380576493012
0.25,-1.01976,0.8171825,0.5708516517518398,0.026235176290966958
0.25,-0.701004,0.8171825,0.5772013821359231,0.025773126060385232
0.25,-0.382245,0.8171825,0.5841791859767559,0.023448283448882497
0.25,-0.063486,0.8171825,0.5901227472785543,0.01906423895978572
0.25,0.255273,0.8171825,0.5934662794941153,0.013169472081203469
0.25,0.574032,0.8171825,0.5932948727150127,0.007042530912483526
0.25,0.892792,0.8171825,0.5896645303999721,0.0023193582891223733
0.25,1.21155,0.8171825,0.5836232961948202,0.0004513667613537456
0.25,1.53031,0.8171825,0.5769367958654178,0.0019519166921792286
0.25,1.84907,0.8171825,0.571157996833861,0.006105326304143056
0.25,2.16783,0.8968725,0.5665708868714757,0.016253876575664798
0.25,2.48659,0.8968725,0.5627256783126585,0.020955980547474218
0.25,2.80535,0.8968725,0.5581098594416619,0.023256958794676652
0.25,3.12411,0.8968725,0.5509655258479438,0.0229934264605308
0.25,3.44287,0.8968725,0.5401688877781167,0.02110382368758948
0.25,3.76162,0.8968725,0.5258878379050151,0.019003400630671873
0.25,4.08038,0.8968725,0.5094272198095261,0.01792139190589861
0.25,4.39914,0.8968725,0.49254664685158595,0.018403771571727658
0.25,4.7179,0.8968725,0.4768936233761705,0.020171794601508773
0.25,5.03666,0.8968725,0.463535118124554,0.022447815424607102
0.25,5.35542,0.9765625,0.45291888110379536,0.028294335148756067
0.25,5.67418,0.9765625,0.44413624793265355,0.029459500074452284
0.25,5.99294,0.9765625,0.43716866585026526,0.029228969179010897
0.25,6.3117,0.9765625,0.4315754481748428,0.027906922100026467
0.25,6.63046,0.9765625,0.4272540456340517,0.026039920459288476
0.25,6.94922,0.9765625,0.4237680334100832,0.023971096470632475
0.25,7.26798,0.9765625,0.420363282204627,0.022242772566523097
0.25,7.58673,1.0562525,0.41461339771393557,0.02224237016061313
0.25,7.90549,0.9765625,0.4101932199883445,0.018752184438187897
0.25,8.22425,0.9765625,0.39859686031065694,0.017688414908700104
0.25,8.54301,1.0562525,0.37050745789243983,0.024360216437592678
0.25,8.86177,1.0562525,0.3555072781098448,0.028284179759527676
0.25,9.18053,1.1359425,0.338657500267581,0.034189119839054594
0.25,9.49929,0.8968725,0.33211842993065205,0.03037171405288113
0.25,9.81805,0.8171825,0.3181660315199405,0.034390183557585316
0.25,10.1368,1.1359425,0.30929098789149867,0.05237210236117155
0.25,10.4556,1.2156325,0.3011985463367239,0.0618330930861684
0.25,10.7743,1.2156325,0.29434935836615045,0.056931056931224244
0.25,11.0931,1.2156325,0.28721412849100925,0.04968917662629264
0.25,11.4118,1.2156325,0.2802106925752733,0.043004793971630824
0.25,11.7306,1.2953225,0.2730639459241878,0.04221879694565517
0.25,12.0494,1.2953225,0.2634335763828401,0.04035801344945113
0.25,12.3681,1.2953225,0.25243195777479643,0.03990944988124935
0.25,12.6869,1.3750125,0.2391467669180389,0.04101226291691882
0.25,13.0056,1.3750125,0.22690961609924118,0.03731632542084026
0.25,13.3244,1.3750125,0.2158332614044865,0.031167018317533702
0.25,13.6432,1.4547025,0.20566381512044835,0.026516466125445608
0.25,13.9619,1.4547025,0.1987528578093051,0.01973511070130205
0.25,14.2807,1.4547025,0.19339504658769638,0.01456396481332991
0.25,14.5994,1.5343925,0.18860976501221643,0.014421157393170542
0.25,14.9182,1.4547025,0.18429492285040192,0.010482173144833237
0.25,15.237,1.4547025,0.17952757424173083,0.010794208946847291
0.25,15.5557,1.4547025,0.17463106378715684,0.01181243257434133
0.25,15.8745,1.6140825,0.16993079079964274,0.01748118583541549
0.25,16.1932,1.6140825,0.16521380941866645,0.017989332880998375
0.25,16.512,1.6140825,0.160459228495715,0.017866599262445233
0.25,16.8308,1.6937725,0.15544080246202197,0.01871235962055164
0.25,17.1495,1.6937725,0.15031427302765127,0.016840464387460913
0.25,17.4683,1.6937725,0.14521911118174838,0.014428268446157112
0.25,17.787,1.7734625,0.13980404887782066,0.013304861649507596
0.25,18.1058,1.7734625,0.1349229405988647,0.011181758299024474
0.25,18.4245,1.7734625,0.1299564860013619,0.009723072223293517
0.25,18.7433,1.7734625,0.12475352094928509,0.008903016913656171
0.25,19.0621,1.85315,0.11897994784569618,0.010285790461937012
0.25,19.3808,1.85315,0.11377746723332324,0.010032761967144692
0.25,19.6996,1.85315,0.10904761747174707,0.00961350048515197
0.25,20.0183,1.85315,0.10498701871406109,0.009000660006421891
0.25,20.3371,1.93284,0.10153649998523691,0.010092136383633583
0.25,20.6559,1.93284,0.09835308970791226,0.009244246278225125
0.25,20.9746,1.93284,0.09506559271958248,0.008469716004665081
0.25,21.2934,2.01253,0.09134653879186248,0.00896064147837571
0.25,21.6121,2.01253,0.08734893893617177,0.008070422153491786
0.25,21.9309,2.01253,0.08314053725465591,0.0071172886988550696
0.25,22.2497,2.01253,0.07881447730359545,0.0058780943676968326
0.25,22.5684,2.09222,0.0732080429642807,0.002841180241081225
0.25,22.8872,2.09222,0.06850267315627467,-0.0004997230215615161
0.25,23.2059,2.09222,0.06377399125139326,-0.005013758534172816
0.25,23.5247,2.09222,0.05912953763111468,-0.010697503872358285
0.25,23.8435,2.17191,0.05322554398385656,-0.019644497221586538
0.25,24.1622,2.17191,0.04913388165483158,-0.026687328160223758
0.25,24.481,2.17191,0.04535686453223151,-0.03354635535937045
0.25,24.7997,2.17191,0.041809914149498424,-0.039825612167000014
0.25,25.1185,2.2516,0.037153070953990834,-0.047243693544839135
0.25,25.4372,2.2516,0.03389803519040694,-0.051519870668694075
0.25,25.756,2.2516,0.030711858430462077,-0.05485315000110718
0.25,26.0748,2.2516,0.0276622108711699,-0.0572572099835391
0.25,26.3935,2.33129,0.024419381676791682,-0.05927244865840421
0.25,26.7123,2.33129,0.02213131249935411,-0.05948359579104319
0.25,27.031,2.33129,0.020210541985487877,-0.058700089328500835
0.25,27.3498,2.33129,0.018618333866526903,-0.05696592080045465
0.25,27.6686,2.33129,0.017234107580292746,-0.05445148253969421
0.25,27.9873,2.41098,0.01609418752445136,-0.05190153078916089
0.25,28.3061,2.41098,0.01463437172573132,-0.04906858550116993
0.25,28.6248,2.41098,0.012832489118126851,-0.046468784773349626
0.25,28.9436,2.41098,0.010597726738907376,-0.04420369392129792
0.25,29.2624,2.41098,0.007932043315642224,-0.04213135084186512
0.25,29.5811,2.41098,0.004916232875185453,-0.03989926601315386
0.25,29.8999,2.49067,0.0026471017608674747,-0.03878444991326681
0.25,30.2186,2.49067,-0.0005716467489831523,-0.03525716725546783
0.25,30.5374,2.49067,-0.0037168562890759565,-0.03101867327880828
0.25,30.8562,2.49067,-0.006601547545820843,-0.026562913145792844
0.25,31.1749,2.49067,-0.0090572810192805,-0.02256980317277239
0.25,31.4937,2.49067,-0.010964239323333706,-0.01963772828884718
0.25,31.8124,2.49067,-0.012265514969587941,-0.018056606146796734
0.25,32.1312,2.49067,-0.01297283359488597,-0.017707026535176706
0.25,32.45,2.57035,-0.01314008127025302,-0.01833726014039693
0.25,32.7687,2.57035,-0.01309524197736809,-0.01893110738597354
0.25,33.0875,2.57035,-0.012810342206380512,-0.01942682204590578
0.25,33.4062,2.57035,-0.0124489919334479,-0.019617599288972665
0.25,33.725,2.57035,-0.01211800807098084,-0.019508480036243336
0.25,34.0437,2.57035,-0.01186418438231225,-0.019223098661541368
0.25,34.3625,2.57035,-0.011690744794534611,-0.018852843786400196
0.25,34.6813,2.57035,-0.011585243398499975,-0.018395338170890094
0.25,35.0,2.57035,-0.011539452913495583,-0.017779907069120734
0.25,35.3188,2.65005,-0.011345347526997906,-0.017018485115299683
0.25,35.6375,2.65005,-0.011474330096956495,-0.015938505685634728
0.25,35.9563,2.65005,-0.011820664182161666,-0.014678080180552536
0.25,36.2751,2.65005,-0.012415127847615297,-0.013373760494895614
0.25,36.5938,2.57035,-0.013501414263727734,-0.012025445260863741
0.25,36.9126,2.65005,-0.014156455354203326,-0.011091979619001525
0.25,37.2313,2.65005,-0.015117966898939178,-0.010209972485107686
0.25,37.5501,2.65005,-0.016030456574557195,-0.009500418071128516
0.25,37.8689,2.65005,-0.016823381737689335,-0.008954563189713032
0.25,38.1876,2.65005,-0.017423691296605134,-0.008592031024447628
0.25,38.5064,2.65005,-0.01780155905918513,-0.008443019457751682
0.25,38.8251,2.65005,-0.017990839015892372,-0.008502749599551154
0.25,39.1439,2.65005,-0.018052832437275228,-0.008722840887667605
0.25,39.4627,2.65005,-0.018047697570918095,-0.009031137236017462
0.25,39.7814,2.72975,-0.018255709846611408,-0.009260316602939283
0.25,40.1002,2.72975,-0.018147244684734134,-0.009572733615738883
0.25,40.4189,2.72975,-0.01788479744229468,-0.009961136884655936
0.25,40.7377,2.72975,-0.017468733321953357,-0.010464183013404838
0.25,41.0565,2.72975,-0.01697381392805199,-0.011094157825175449
0.25,41.3752,2.72975,-0.01652757729547576,-0.011837990755907035
0.25,41.694,2.72975,-0.016285436054416652,-0.012669901848892353
0.25,42.0127,2.72975,-0.016376082791773914,-0.013567348893690946
0.25,42.3315,2.72975,-0.01682826288337888,-0.01450806200700504
0.25,42.6502,2.72975,-0.017555020158444765,-0.01543026749075457
0.25,42.969,2.72975,-0.018398396971721208,-0.016204231733444995
0.25,43.2878,2.72975,-0.01918960131354578,-0.01667820511153509
0.25,43.6065,2.72975,-0.01980585747492111,-0.016761927567301188
0.25,43.9253,2.72975,-0.020215700397496084,-0.016473310328626322
0.25,44.244,2.72975,-0.020472184705439368,-0.015948248467037667
0.25,44.5628,2.72975,-0.02068496304337386,-0.015393211649369201
0.25,44.8816,2.72975,-0.020989020801561842,-0.014999924022314363
0.25,45.2003,2.72975,-0.021487325162209348,-0.014880449602688311
0.25,45.5191,2.72975,-0.022184777671934535,-0.015046555861315493
0.25,45.8378,2.72975,-0.022967768721627094,-0.015427444561277846
0.25,46.1566,2.72975,-0.02365066300886514,-0.01590570630992887
0.25,46.4754,2.72975,-0.024074265173503116,-0.01637937151258918
0.25,46.7941,2.72975,-0.024181383814486923,-0.016799408753773767
0.25,47.1129,2.72975,-0.024053979061694885,-0.017168697773726083
0.25,47.4316,2.72975,-0.023876089743712674,-0.017519860523130024
0.25,47.7504,2.72975,-0.023836478402891995,-0.017882770122828854
0.25,48.0692,2.72975,-0.024044460009743543,-0.018269028768832116
0.25,48.3879,2.72975,-0.02450294902969586,-0.018672607530282742
0.25,48.7067,2.72975,-0.025109917717737018,-0.019076031739719307
0.25,49.0254,2.72975,-0.02570496564093943,-0.019448195747122993
0.25,49.3442,2.72975,-0.026140498232858113,-0.019736708656521915
0.25,49.6629,2.809425,-0.026047598443047597,-0.019476596918850942
0.25,49.9817,2.809425,-0.025894421548205083,-0.019338711528588674
0.25,50.3005,2.809425,-0.025546492063639892,-0.018943891709602603
0.25,50.6192,2.809425,-0.02512870296369009,-0.018296693438175825
0.25,50.938,2.809425,-0.024765524323019993,-0.01746443167697618
0.25,51.2567,2.809425,-0.024527243489477515,-0.016559468563662087
0.25,51.5755,2.809425,-0.0244344714101702,-0.01569708430277615
0.25,51.8943,2.809425,-0.024472630843599737,-0.014940874831700734
0.25,52.213,2.809425,-0.02460399102367252,-0.014287868394255636
0.25,52.5318,2.809425,-0.024799162944553435,-0.013696036605449009
0.25,52.8505,2.809425,-0.025056116680906803,-0.01311739445147737
0.25,53.1693,2.809425,-0.025405922330925625,-0.012515348281945433
0.25,53.4881,2.809425,-0.02588120512832806,-0.011880646953359664
0.25,53.8068,2.809425,-0.02648064700622993,-0.01124662195492824
0.25,54.1256,2.809425,-0.027153540915440623,-0.010689527557889718
0.25,54.4443,2.809425,-0.027814336482638514,-0.010314405404859225
0.25,54.7631,2.809425,-0.028379120309028272,-0.01022264912270337
0.25,55.0819,2.809425,-0.028786413612767806,-0.010464944518926234
0.25,55.4006,2.809425,-0.02901958642146396,-0.011030342037435456
0.25,55.7194,2.809425,-0.029107954444427948,-0.011863242589574996
0.25,56.0381,2.809425,-0.029092986168922867,-0.012882644776173064
0.25,56.3569,2.809425,-0.029003970577255154,-0.014013862954426295
0.25,56.6757,2.809425,-0.028860038388461077,-0.015210864188897371
0.25,56.9944,2.809425,-0.028675015582902034,-0.016439309941187495
0.25,57.3132,2.809425,-0.028452613948443506,-0.01762921353950598
0.25,57.6319,2.809425,-0.02821633425525741,-0.018677625239531075
0.25,57.9507,2.809425,-0.028027271788197555,-0.019512492915839272
0.25,58.2694,2.809425,-0.027946414782927132,-0.020137534564728717
0.25,58.5882,2.809425,-0.027997313706882458,-0.020626974555630964
0.25,58.907,2.809425,-0.028167648159134934,-0.021087051497530825
0.25,59.2257,2.809425,-0.028433713448067048,-0.021604916628036534
0.25,59.5445,2.809425,-0.028776114265296315,-0.02220581485868028
0.25,59.8632,2.809425,-0.029188716669926753,-0.022860713089324025
0.25,60.182,2.809425,-0.02970057105112264,-0.02353580809810806
0.25,60.5008,2.809425,-0.03036013956536533,-0.024218383264377356
0.25,60.8195,2.809425,-0.031203057728560208,-0.024882517252330677
0.25,61.1383,2.809425,-0.0320108843625482,-0.025463808568681533
0.25,61.457,2.809425,-0.032799597539546574,-0.025969965897079075
0.25,61.7758,2.809425,-0.03350957997931312,-0.026384556231499958
0.25,62.0946,2.72975,-0.034250179533209545,-0.026346871829441985
0.5,-31.3019,4.34382,-0.029400052973101557,-0.00796728207539505
0.5,-30.9831,4.66258,-0.02919632571748605,-0.008782206516981196
0.5,-30.6644,4.98134,-0.028623743031452667,-0.00955298927830633
0.5,-30.3456,5.3001,-0.027758023822643533,-0.010270689334775148
0.5,-30.0269,5.61885,-0.026814984805828376,-0.011098795929078071
0.5,-29.7081,5.9376,-0.02599570773844225,-0.011972383462018215
0.5,-29.3893,5.9376,-0.024599194264355164,-0.012570557997719055
0.5,-29.0706,5.77825,-0.02282888706458104,-0.012683789780251368
0.5,-28.7518,5.77825,-0.02140285639573928,-0.012852412618750553
0.5,-28.4331,5.77825,-0.02001590256213406,-0.012939796468668986
0.5,-28.1143,5.77825,-0.01872539440552721,-0.013078588475194271
0.5,-27.7955,5.77825,-0.01759881691776212,-0.013358916533921841
0.5,-27.4768,5.61885,-0.01662889678976613,-0.013569972751765988
0.5,-27.158,5.4595,-0.015658939047263936,-0.013973273799576254
0.5,-26.8393,5.3001,-0.014510461245783198,-0.014364169507946186
0.5,-26.5205,5.3001,-0.013255363121802774,-0.014721594250699353
0.5,-26.2017,5.3001,-0.011820314163338726,-0.014930859810995503
0.5,-25.883,5.3001,-0.010267747065835902,-0.015123974329755699
0.5,-25.5642,5.3001,-0.008707490866814696,-0.015412232348327663
0.5,-25.2455,5.1407,-0.007353887506920104,-0.01567284658160662
0.5,-24.9267,5.3001,-0.005858836412052492,-0.016191534522377107
0.5,-24.6079,5.3001,-0.004492831740826491,-0.01638931424379761
0.5,-24.2892,5.3001,-0.002986459689753584,-0.016257876745366186
0.5,-23.9704,5.4595,-0.0012904428306746531,-0.016217375700693083
0.5,-23.6517,5.4595,0.0006950694293327759,-0.015608916458630087
0.5,-23.3329,5.3001,0.0031150830257689666,-0.014556214523004537
0.5,-23.0141,5.3001,0.005289231385036127,-0.014260013472057116
0.5,-22.6954,4.82196,0.008112179499605082,-0.013245825556383883
0.5,-22.3766,4.82196,0.009624332370103262,-0.013731086959947693
0.5,-22.0579,5.1407,0.010153893422305545,-0.015822695248315116
0.5,-21.7391,5.1407,0.01121996947011581,-0.01749639225860499
0.5,-21.4204,4.98134,0.012827124144478966,-0.01846366718958755
0.5,-21.1016,4.82196,0.01502529233998656,-0.019221727278682793
0.5,-20.7828,4.82196,0.017674541194924443,-0.021143866998221003
0.5,-20.4641,4.66258,0.021354192835657284,-0.02169336354734887
0.5,-20.1453,4.5032,0.025576610595100125,-0.022335139268894858
0.5,-19.8266,4.34382,0.029937435130800966,-0.023132650816767866
0.5,-19.5078,4.18444,0.03450061006805783,-0.023701270028714163
0.5,-19.189,4.02506,0.039044424307611104,-0.023633942509577507
0.5,-18.8703,4.02506,0.04360644500029526,-0.02319897833590452
0.5,-18.5515,3.86568,0.04803125174518169,-0.021307705403290644
0.5,-18.2328,3.86568,0.05231708128150996,-0.019910143199751932
0.5,-17.914,3.86568,0.05683978339281628,-0.018808390263373467
0.5,-17.5952,3.86568,0.061830394451292875,-0.01844268836853095
0.5,-17.2765,3.86568,0.06729537625578519,-0.019078468344061128
0.5,-16.9577,3.86568,0.07301833967654071,-0.020679566468041553
0.5,-16.639,4.02506,0.07832959460187638,-0.02402043152952982
0.5,-16.3202,3.86568,0.08429613858481025,-0.02539375876632239
0.5,-16.0014,3.86568,0.08991590147852338,-0.027560049235641
0.5,-15.6827,3.7063,0.09557110987982838,-0.02771152137769145
0.5,-15.3639,3.7063,0.10236110031150113,-0.028472293463273082
0.5,-15.0452,3.546925,0.10991006054804278,-0.026977966602939284
0.5,-14.7264,3.546925,0.11941875105187001,-0.027004477943759965
0.5,-14.4077,3.546925,0.13008700326356543,-0.026900151146169303
0.5,-14.0889,3.387545,0.14118055439921606,-0.024397587132491294
0.5,-13.7701,3.068785,0.15271352909803912,-0.01950843923294113
0.5,-13.4514,2.909405,0.1644920332390956,-0.01673867139180865
0.5,-13.1326,2.909405,0.17619292426996525,-0.016080437032102293
0.5,-12.8139,2.909405,0.1883069233131325,-0.01572483439218511
0.5,-12.4951,2.909405,0.20141319430070936,-0.01569453839676536
0.5,-12.1763,2.750025,0.21583632883766496,-0.014427651411259023
0.5,-11.8576,2.750025,0.23154104581909302,-0.014243691524510372
0.5,-11.5388,2.750025,0.24820209066474488,-0.013283999343872902
0.5,-11.2201,2.750025,0.26528955306592455,-0.011483646622389654
0.5,-10.9013,2.750025,0.2824254127879725,-0.009040774732880305
0.5,-10.5825,2.750025,0.2995994765036206,-0.006208073065481636
0.5,-10.2638,2.590645,0.31609077320019485,-0.0021585905786576922
0.5,-9.94502,2.590645,0.3335296122797532,0.001162645556679138
0.5,-9.62626,2.590645,0.35153326623570746,0.0047067365875487575
0.5,-9.3075,2.431265,0.3673987480558857,0.009386271289205177
0.5,-8.98874,2.431265,0.385613298783706,0.013388916875226009
0.5,-8.66998,2.431265,0.40386106690078466,0.017551216878363165
0.5,-8.35123,2.271885,0.41896247187631486,0.02137668381273385
0.5,-8.03247,2.271885,0.43694831655569744,0.025044810177396917
0.5,-7.71371,2.271885,0.4544464186858267,0.028467413394550892
0.5,-7.39495,2.112505,0.469140392568999,0.02937819890559368
0.5,-7.07619,2.112505,0.48530203571744923,0.03178921184322701
0.5,-6.75743,2.112505,0.5004428380138478,0.03414609300617092
0.5,-6.43867,2.112505,0.514559054038443,0.0366787675246174
0.5,-6.11991,1.953125,0.5256862092178884,0.03574126709012122
0.5,-5.80115,1.953125,0.5373561090014247,0.0388513646337277
0.5,-5.48239,1.953125,0.5475699557356448,0.04272603894825901
0.5,-5.16363,1.953125,0.5561125353096189,0.047316051244343835
0.5,-4.84487,1.953125,0.5627630511679449,0.052399513648660564
0.5,-4.52611,1.793745,0.5658484951069586,0.05151236380081265
0.5,-4.20736,1.793745,0.5690990007067829,0.056142344850818926
0.5,-3.8886,1.793745,0.5706842435226945,0.05971217156527494
0.5,-3.56984,1.793745,0.5710047617025164,0.06170884227678203
0.5,-3.25108,1.793745,0.5706369222151277,0.06203684779817744
0.5,-2.93232,1.793745,0.5702518229554967,0.06109340560342277
0.5,-2.61356,1.793745,0.5703857937015125,0.05967467486713214
0.5,-2.2948,1.793745,0.5712826955398862,0.0586928979738582
0.5,-1.97604,1.793745,0.5728185361252797,0.05883297935326591
0.5,-1.65728,1.793745,0.574636095056764,0.06026652849368503
0.5,-1.33852,1.634365,0.5743584166309892,0.05682257348050898
0.5,-1.01976,1.634365,0.5763381407180767,0.05894576131461614
0.5,-0.701004,1.634365,0.5786431289537399,0.05996651386041863
0.5,-0.382245,1.634365,0.5813866822697142,0.0589294604315066
0.5,-0.063486,1.634365,0.5843424275482938,0.05554619148465002
0.5,0.255273,1.634365,0.5869146493138854,0.05044258677107241
0.5,0.574032,1.634365,0.5883200197022654,0.04516371919201607
0.5,0.892792,1.634365,0.5878538713618212,0.04173483850121421
0.5,1.21155,1.634365,0.5850794867621223,0.04183492115430744
0.5,1.53031,1.634365,0.5801692582987016,0.045980798091501573
0.5,1.84907,1.634365,0.5737941377064065,0.05318929958321948
0.5,2.16783,1.793745,0.5671328265161693,0.07048423266312286
0.5,2.48659,1.793745,0.5590133416843209,0.07607671621187426
0.5,2.80535,1.793745,0.5506666123895537,0.07776420025535526
0.5,3.12411,1.793745,0.5417856473845343,0.07519093557660007
0.5,3.44287,1.793745,0.5318309481750976,0.06958227256994931
0.5,3.76162,1.793745,0.5205044294462734,0.0632033832155761
0.5,4.08038,1.793745,0.5080254658216029,0.05850734241952265
0.5,4.39914,1.793745,0.4949573827026418,0.0570890822080783
0.5,4.7179,1.793745,0.48193287382448907,0.05913976829322073
0.5,5.03666,1.793745,0.46945448826795744,0.06355339401021784
0.5,5.35542,1.953125,0.4589497520087028,0.07630590906243581
0.5,5.67418,1.953125,0.4475428656208248,0.07933094761920267
0.5,5.99294,1.953125,0.43641425199301703,0.07840252197812474
0.5,6.3117,1.953125,0.42535588610645664,0.07348814179585594
0.5,6.63046,1.953125,0.4138941103190304,0.06592726153735426
0.5,6.94922,1.953125,0.4011475061183778,0.05758153332333744
0.5,7.26798,1.953125,0.38664037826356545,0.050434308227654163
0.5,7.58673,2.112505,0.3600954094155293,0.049878433241771374
0.5,7.90549,1.953125,0.35249748418965404,0.04284838024735551
0.5,8.22425,1.953125,0.3340532758197205,0.04223481540860535
0.5,8.54301,2.112505,0.31029218575195794,0.04759142122018774
0.5,8.86177,2.112505,0.3079376123424963,0.05322241958259205
0.5,9.18053,2.271885,0.29081717031714804,0.06778924244461991
0.5,9.49929,1.793745,0.322662475107586,0.06215768893853382
0.5,9.81805,1.634365,0.3173041873205362,0.0680011401206144
0.5,10.1368,2.271885,0.3018103914762228,0.12224914334759812
0.5,10.4556,2.431265,0.29746878684682554,0.12665953308491354
0.5,10.7743,2.431265,0.29563445651993386,0.11277686948063446
0.5,11.0931,2.431265,0.28991293532844187,0.09616601396865052
0.5,11.4118,2.431265,0.2809072878036583,0.08065267468533392
0.5,11.7306,2.590645,0.26687131432831634,0.07367687938338262
0.5,12.0494,2.590645,0.2523896421925402,0.06746946913084152
0.5,12.3681,2.590645,0.23725700574191902,0.0674718551046149
0.5,12.6869,2.750025,0.22132568950085996,0.07660389353760523
0.5,13.0056,2.750025,0.2095894089449558,0.07942374346560749
0.5,13.3244,2.750025,0.20078037476563595,0.08007866587745338
0.5,13.6432,2.909405,0.19358125185184502,0.085641471508963
0.5,13.9619,2.909405,0.18970546787644033,0.08182037419107492
0.5,14.2807,2.909405,0.18686530394432838,0.07640550074621044
0.5,14.5994,3.068785,0.18278051712941176,0.0767521131526274
0.5,14.9182,2.909405,0.18049103104308606,0.06341842651570788
0.5,15.237,2.909405,0.17595406672824104,0.05716138200416314
0.5,15.5557,2.909405,0.17055237627147107,0.051848613593760334
0.5,15.8745,3.228165,0.1623385889098039,0.05570623636078426
0.5,16.1932,3.228165,0.15614229872941177,0.05199469312941171
0.5,16.512,3.228165,0.15005697234509804,0.04941425933647054
0.5,16.8308,3.387545,0.14383803364692593,0.05139335896488593
0.5,17.1495,3.387545,0.13899626336520932,0.04923693453427984
0.5,17.4683,3.387545,0.13469717301510264,0.04696145747159945
0.5,17.787,3.546925,0.13007783410808796,0.04800155101846857
0.5,18.1058,3.546925,0.12533940927435724,0.04555147201859406
0.5,18.4245,3.546925,0.11972665303141576,0.043443582524931114
0.5,18.7433,3.546925,0.11328814823156642,0.04138877065706814
0.5,19.0621,3.7063,0.1036223580916492,0.03618038136418321
0.5,19.3808,3.7063,0.09647343256774411,0.03102953196965441
0.5,19.6996,3.7063,0.09009579760727225,0.02438642014571163
0.5,20.0183,3.7063,0.0846806439807194,0.016399012952211817
0.5,20.3371,3.86568,0.07564798978947834,0.0005618139247304307
0.5,20.6559,3.86568,0.07129857138691842,-0.0090325032731614
0.5,20.9746,3.86568,0.06688706153624707,-0.01845741581237584
0.5,21.2934,4.02506,0.05878383400769895,-0.034229803627660066
0.5,21.6121,4.02506,0.05427296819643028,-0.041875470116554535
0.5,21.9309,4.02506,0.04976146599414643,-0.04830222777121635
0.5,22.2497,4.02506,0.04563152214924744,-0.05309891283207719
0.5,22.5684,4.18444,0.0414401722464993,-0.0590306978741151
0.5,22.8872,4.18444,0.0394475981468632,-0.059454973630169806
0.5,23.2059,4.18444,0.03828475529957998,-0.058881612637573494
0.5,23.5247,4.18444,0.03769374731551674,-0.05804006931344249
0.5,23.8435,4.34382,0.03733035955670133,-0.057729989033608126
0.5,24.1622,4.34382,0.03672772348567611,-0.05758949831959131
0.5,24.481,4.34382,0.03565126833760232,-0.05798520737969923
0.5,24.7997,4.34382,0.03399343044702634,-0.05865252533050862
0.5,25.1185,4.5032,0.03146139613908306,-0.05968199766078845
0.5,25.4372,4.5032,0.028970927165560663,-0.06028848809246118
0.5,25.756,4.5032,0.026514825289540998,-0.06061843312947962
0.5,26.0748,4.5032,0.024372535952735964,-0.060659778373550396
0.5,26.3935,4.66258,0.0225732134875584,-0.06107064237781693
0.5,26.7123,4.66258,0.021519776814199133,-0.060614315423368446
0.5,27.031,4.66258,0.020827372067681378,-0.06005282489758102
0.5,27.3498,4.66258,0.02035850740774914,-0.05945153433414772
0.5,27.6686,4.66258,0.01998466733998656,-0.058801198187830736
0.5,27.9873,4.82196,0.019666412744052314,-0.058282125499915065
0.5,28.3061,4.82196,0.019146672704524144,-0.05756917989820845
0.5,28.6248,4.82196,0.018478465407498167,-0.05699765232260298
0.5,28.9436,4.82196,0.01768296357853594,-0.056680761025075056
0.5,29.2624,4.82196,0.016812547193167635,-0.05665954249075457
0.5,29.5811,4.82196,0.01595850529644283,-0.05687277865589448
0.5,29.8999,4.98134,0.015351385328441824,-0.057651479182936775
0.5,30.2186,4.98134,0.01485724934839414,-0.05767020700324045
0.5,30.5374,4.98134,0.014480119708539704,-0.05740014397776674
0.5,30.8562,4.98134,0.014202671910823556,-0.0568469171927247
0.5,31.1749,4.98134,0.01404300417334081,-0.056066153734323394
0.5,31.4937,4.98134,0.014027753768647625,-0.05509906256855605
0.5,31.8124,4.98134,0.014149251572638088,-0.05392994363895384
0.5,32.1312,4.98134,0.014325828442383351,-0.05246146061097041
0.5,32.45,5.1407,0.015584107636761565,-0.05156761135133933
0.5,32.7687,5.1407,0.015401464124401168,-0.049567289322226524
0.5,33.0875,5.1407,0.014634315037313703,-0.04693169392129792
0.5,33.4062,5.1407,0.013157171851217581,-0.043660360284706136
0.5,33.725,5.1407,0.010971015125154086,-0.03985346023451163
0.5,34.0437,5.1407,0.00817095149734633,-0.03570040156968543
0.5,34.3625,5.1407,0.004949311203708484,-0.031422625939116974
0.5,34.6813,5.1407,0.0015918610060676385,-0.027233316772345736
0.5,35.0,5.1407,-0.0016003485152021957,-0.023322190382585414
0.5,35.3188,5.3001,-0.0023287978689480017,-0.02202806989381643
0.5,35.6375,5.3001,-0.004920365487218764,-0.01858463879832139
0.5,35.9563,5.3001,-0.006945598289326932,-0.015831071462394673
0.5,36.2751,5.3001,-0.008503026476677916,-0.013959283098108061
0.5,36.5938,5.1407,-0.009865410373653696,-0.012728038506565837
0.5,36.9126,5.3001,-0.010902310652860623,-0.012971258157714036
0.5,37.2313,5.3001,-0.01195526240339394,-0.013546205130358032
0.5,37.5501,5.3001,-0.012921696466639014,-0.014519359942756074
0.5,37.8689,5.3001,-0.01376135827489601,-0.01566795538446771
0.5,38.1876,5.3001,-0.014462775908852591,-0.016824535200002905
0.5,38.5064,5.3001,-0.015067329221689837,-0.01787075497036305
0.5,38.8251,5.3001,-0.01562990442560501,-0.01871310569190904
0.5,39.1439,5.3001,-0.016183984131339733,-0.01925060102068304
0.5,39.4627,5.3001,-0.016738928271131423,-0.019378076372044566
0.5,39.7814,5.4595,-0.017066906668671892,-0.019305743510330427
0.5,40.1002,5.4595,-0.017573251602164174,-0.018650640188081713
0.5,40.4189,5.4595,-0.01818870864821763,-0.01780353558587315
0.5,40.7377,5.4595,-0.018963415298989372,-0.016987706121699482
0.5,41.0565,5.4595,-0.019902794220434974,-0.01641641448535866
0.5,41.3752,5.4595,-0.020951658896052994,-0.016218357991444745
0.5,41.694,5.4595,-0.02201727049098335,-0.01636582754847825
0.5,42.0127,5.4595,-0.02301317104312289,-0.016674440514345985
0.5,42.3315,5.4595,-0.023884706800432462,-0.0169016311781683
0.5,42.6502,5.4595,-0.024617405310283138,-0.01685824301152255
0.5,42.969,5.4595,-0.02523548890295474,-0.016480062957563456
0.5,43.2878,5.4595,-0.025769336528127282,-0.015855548978394172
0.5,43.6065,5.4595,-0.02619354129033082,-0.01517269964033419
0.5,43.9253,5.4595,-0.026424655598901534,-0.014632792948779415
0.5,44.244,5.4595,-0.02636519571372146,-0.014366795530659197
0.5,44.5628,5.4595,-0.025970404679714683,-0.014402107539694209
0.5,44.8816,5.4595,-0.02528901248496001,-0.014702227360248857
0.5,45.2003,5.4595,-0.024446861167354287,-0.01519860502369471
0.5,45.5191,5.4595,-0.023571243985148236,-0.01579037051811057
0.5,45.8378,5.4595,-0.022736146356838537,-0.01634180691226291
0.5,46.1566,5.4595,-0.021957990004096664,-0.01670899870859871
0.5,46.4754,5.4595,-0.021238417789891616,-0.016790049110154744
0.5,46.7941,5.4595,-0.020605627762912068,-0.016551563424999766
0.5,47.1129,5.4595,-0.020140798355207216,-0.016039363983413622
0.5,47.4316,5.4595,-0.019952244910609398,-0.015378161919164657
0.5,47.7504,5.4595,-0.020120367275397955,-0.014718646889047955
0.5,48.0692,5.4595,-0.020645129908727106,-0.014162450587755447
0.5,48.3879,5.4595,-0.021422244860414896,-0.013740473868593697
0.5,48.7067,5.4595,-0.022271333607434596,-0.013444176798697848
0.5,49.0254,5.4595,-0.023023979463250886,-0.013264871245930877
0.5,49.3442,5.4595,-0.023593007198851337,-0.013205501171266553
0.5,49.6629,5.61885,-0.02410468653753875,-0.013820000810493558
0.5,49.9817,5.61885,-0.02446356408804697,-0.013967749085057492
0.5,50.3005,5.61885,-0.024760597329357047,-0.014226918014659702
0.5,50.6192,5.61885,-0.02503953718379299,-0.014569100220708139
0.5,50.938,5.61885,-0.025305221297232564,-0.014966715630420775
0.5,51.2567,5.61885,-0.025530678092313505,-0.015398780117809407
0.5,51.5755,5.61885,-0.025674381743963647,-0.015842311777992616
0.5,51.8943,5.61885,-0.025731923028942942,-0.016259038669697974
0.5,52.213,5.61885,-0.025774597153676283,-0.01661771283207719
0.5,52.5318,5.61885,-0.02591716169125942,-0.01691482245687328
0.5,52.8505,5.61885,-0.026242643960050986,-0.01716936199759357
0.5,53.1693,5.61885,-0.026759953936208596,-0.01739581003373361
0.5,53.4881,5.61885,-0.02738965103747601,-0.017593569501671874
0.5,53.8068,5.61885,-0.028007666258959254,-0.017768309770212466
0.5,54.1256,5.61885,-0.028529949406154637,-0.017972453728049086
0.5,54.4443,5.61885,-0.02897357795427862,-0.018326534603943175
0.5,54.7631,5.61885,-0.029439684655244863,-0.018976617726041305
0.5,55.0819,5.61885,-0.03006556019671807,-0.020004436674466452
0.5,55.4006,5.61885,-0.030957307074619942,-0.021367572613731102
0.5,55.7194,5.61885,-0.032133797338141146,-0.022894724038000146
0.5,56.0381,5.61885,-0.03348511314564516,-0.024317417851527565
0.5,56.3569,5.61885,-0.034823049613207,-0.025365207536557056
0.5,56.6757,5.61885,-0.03594362983908227,-0.025867011903478877
0.5,56.9944,5.61885,-0.03667968195729029,-0.0257931667535228
0.5,57.3132,5.61885,-0.03695319533663528,-0.025232616747248485
0.5,57.6319,5.61885,-0.03680981547968958,-0.02433281576845566
0.5,57.9507,5.61885,-0.03638464434278407,-0.02322649075904419
0.5,58.2694,5.61885,-0.035842938739822604,-0.0219970956028138
0.5,58.5882,5.61885,-0.03532687373292086,-0.02068484249702888
0.5,58.907,5.61885,-0.034930613371520494,-0.01932029088453045
0.5,59.2257,5.61885,-0.03465723623637173,-0.017938953351590306
0.5,59.5445,5.61885,-0.034435726627888893,-0.01659985650129541
0.5,59.8632,5.61885,-0.03416402508566283,-0.015390726183815175
0.5,60.182,5.61885,-0.03374788920161207,-0.014412342471931629
0.5,60.5008,5.61885,-0.03313160480206385,-0.013755867707218365
0.5,60.8195,5.61885,-0.03233397384083904,-0.013474766803717298
0.5,61.1383,5.61885,-0.031543579096203575,-0.013471071798070416
0.5,61.457,5.61885,-0.0307912707225055,-0.013658595966723948
0.5,61.7758,5.61885,-0.03014139366139369,-0.013924582100492302
0.5,62.0946,5.4595,-0.029284286581458943,-0.01462841400223656
0.75,-31.6206,5.55945,-0.029960026787256407,-0.009321470530659199
0.75,-31.3019,6.51573,-0.029706932745343997,-0.011491972011397057
0.75,-30.9831,6.99387,-0.029944114866689207,-0.012542822588633852
0.75,-30.6644,7.472010000000001,-0.030251508035217256,-0.013947997284329676
0.75,-30.3456,7.950149999999999,-0.03044533926686489,-0.01596445821418285
0.75,-30.0269,8.428275,-0.030701074774927378,-0.0186699451118488
0.75,-29.7081,8.9064,-0.03114343450717108,-0.021724565674340966
0.75,-29.3893,8.9064,-0.030034559877982973,-0.022177843375432695
0.75,-29.0706,8.667375,-0.028135169585913705,-0.021366361545843034
0.75,-28.7518,8.667375,-0.026942480708702015,-0.02155501358185759
0.75,-28.4331,8.667375,-0.025668757286691716,-0.021503498443508993
0.75,-28.1143,8.667375,-0.024235801592752706,-0.021308444087567217
0.75,-27.7955,8.667375,-0.022579165040173963,-0.021128296700818564
0.75,-27.4768,8.428275,-0.02014746827458229,-0.020495935753711024
0.75,-27.158,8.189250000000001,-0.017975397323082735,-0.02005680646051238
0.75,-26.8393,7.950149999999999,-0.016227770506669133,-0.01978737236589574
0.75,-26.5205,7.950149999999999,-0.014923374299491317,-0.020313325914019718
0.75,-26.2017,7.950149999999999,-0.013609801460992135,-0.021043624976009933
0.75,-25.883,7.950149999999999,-0.012293244405527207,-0.021869525424623306
0.75,-25.5642,7.950149999999999,-0.010999200808463585,-0.0226492044621437
0.75,-25.2455,7.71105,-0.009783020083153007,-0.022367436611723322
0.75,-24.9267,7.950149999999999,-0.0084193838019383,-0.023548832928701607
0.75,-24.6079,7.950149999999999,-0.007001648891660974,-0.02358875380961515
0.75,-24.2892,7.950149999999999,-0.005402765694271089,-0.023500373711735866
0.75,-23.9704,8.189250000000001,-0.00363404711289325,-0.02508802479719202
0.75,-23.6517,8.189250000000001,-0.0016372838458584896,-0.02543995458762997
0.75,-23.3329,7.950149999999999,0.00010762121437481601,-0.024394450791670616
0.75,-23.0141,7.950149999999999,0.0016988806760387617,-0.025311764413204058
0.75,-22.6954,7.232939999999999,0.003276330337254897,-0.02375065088627446
0.75,-22.3766,7.232939999999999,0.0045947143874509756,-0.02482081446274505
0.75,-22.0579,7.71105,0.004959433581045663,-0.0274625640430196
0.75,-21.7391,7.71105,0.0059034321755995585,-0.028707388989687936
0.75,-21.4204,7.472010000000001,0.007513584224162741,-0.02910300299395447
0.75,-21.1016,7.232939999999999,0.009206329094901957,-0.029927050635294068
0.75,-20.7828,7.232939999999999,0.010684548721568623,-0.031924322949019555
0.75,-20.4641,6.99387,0.01296633040938046,-0.033377095979272575
0.75,-20.1453,6.7547999999999995,0.01608747439231433,-0.0348310305068168
0.75,-19.8266,6.51573,0.020506763293054703,-0.03560251861699374
0.75,-19.5078,6.276660000000001,0.026017061056262128,-0.035313151569685425
0.75,-19.189,6.03759,0.03195098288145977,-0.03427846528533356
0.75,-18.8703,6.03759,0.03655127816317642,-0.03469896716762745
0.75,-18.5515,5.79852,0.04176216104057635,-0.03357022639086751
0.75,-18.2328,5.79852,0.0457527815889513,-0.03424504010651564
0.75,-17.914,5.79852,0.049748382730876256,-0.035010825242668235
0.75,-17.5952,5.79852,0.0539342335496741,-0.0358714646265307
0.75,-17.2765,5.79852,0.058465803232193865,-0.0369423134155883
0.75,-16.9577,5.79852,0.0634998906867051,-0.03837798969241099
0.75,-16.639,6.03759,0.06768890348630355,-0.044232550929705496
0.75,-16.3202,5.79852,0.07560694862998521,-0.042621321980025495
0.75,-16.0014,5.79852,0.08270387016970171,-0.04532798630428198
0.75,-15.6827,5.55945,0.09217378157640264,-0.044027608214182855
0.75,-15.3639,5.55945,0.09986199000907928,-0.04686957885039819
0.75,-15.0452,5.3203875,0.10927374029926626,-0.04553099967641149
0.75,-14.7264,5.3203875,0.11698118974398956,-0.04805124073551552
0.75,-14.4077,5.3203875,0.12479269147726853,-0.050572991213931884
0.75,-14.0889,5.0813175,0.13645177173357415,-0.04792859838704018
0.75,-13.7701,4.6031775,0.15142840590975692,-0.0407705501375735
0.75,-13.4514,4.3641075,0.16381522088026754,-0.03717672632028148
0.75,-13.1326,4.3641075,0.175474583817901,-0.03726849371581417
0.75,-12.8139,4.3641075,0.1876786191893403,-0.03753307887392686
0.75,-12.4951,4.3641075,0.2006393446803053,-0.03787291816524321
0.75,-12.1763,4.1250374999999995,0.21553768146973934,-0.033025059651000506
0.75,-11.8576,4.1250374999999995,0.23063588514178102,-0.03236569334876685
0.75,-11.5388,4.1250374999999995,0.24665237947137064,-0.030965386158404197
0.75,-11.2201,4.1250374999999995,0.26365296078646666,-0.028990456611095877
0.75,-10.9013,4.1250374999999995,0.2818670248001447,-0.026867732273035894
0.75,-10.5825,4.1250374999999995,0.30142975221261803,-0.024962425456779146
0.75,-10.2638,3.8859674999999996,0.3228967472088534,-0.01723298887047598
0.75,-9.94502,3.8859674999999996,0.3450881430160438,-0.015497535273726073
0.75,-9.62626,3.8859674999999996,0.3672384084900681,-0.013557688020306574
0.75,-9.3075,3.6468974999999997,0.3870540374742569,-0.00425142981664238
0.75,-8.98874,3.6468974999999997,0.4063888480292198,-0.00020480092186268926
0.75,-8.66998,3.6468974999999997,0.42335017694439114,0.004471264420401083
0.75,-8.35123,3.4078275000000002,0.4373421255185535,0.016133637997700595
0.75,-8.03247,3.4078275000000002,0.4526836453218538,0.021685848147970387
0.75,-7.71371,3.4078275000000002,0.46774274797745674,0.027072504241896854
0.75,-7.39495,3.1687575,0.48295038769411763,0.036450852008627396
0.75,-7.07619,3.1687575,0.49828154734117647,0.041415400408627394
0.75,-6.75743,3.1687575,0.5128562299294118,0.0464840549058823
0.75,-6.43867,3.1687575,0.5264985856784313,0.05183056031450975
0.75,-6.11991,2.9296875,0.5378132618829028,0.05687155127963685
0.75,-5.80115,2.9296875,0.5497817393894909,0.06271679911499888
0.75,-5.48239,2.9296875,0.5600928535035579,0.06879480423899498
0.75,-5.16363,2.9296875,0.5681468509232467,0.07473176891626002
0.75,-4.84487,2.9296875,0.5733249518298849,0.08009190733481944
0.75,-4.52611,2.6906175,0.5740769380028677,0.08044941126226485
0.75,-4.20736,2.6906175,0.5737785867825138,0.08410215687436329
0.75,-3.8886,2.6906175,0.5718865836845719,0.08624362033786247
0.75,-3.56984,2.6906175,0.5698368178968318,0.08689630128865618
0.75,-3.25108,2.6906175,0.5689280539678571,0.08638686487764162
0.75,-2.93232,2.6906175,0.5699485836845719,0.08534531385963434
0.75,-2.61356,2.6906175,0.5728282632161944,0.08451421920613328
0.75,-2.2948,2.6906175,0.5768838121244639,0.0845292512466967
0.75,-1.97604,2.6906175,0.5810789937187669,0.08573661960729717
0.75,-1.65728,2.6906175,0.5843849320187418,0.0880711660293702
0.75,-1.33852,2.4515475,0.5839099026157426,0.08237019844262311
0.75,-1.01976,2.4515475,0.5844979849504145,0.08563634073353633
0.75,-0.701004,2.4515475,0.5845071986299853,0.08815504877555855
0.75,-0.382245,2.4515475,0.5848340303450689,0.08925352124606928
0.75,-0.063486,2.4515475,0.5861359667862784,0.08883465255308709
0.75,0.255273,2.4515475,0.5883755875040598,0.08745145603838952
0.75,0.574032,2.4515475,0.5907445118750599,0.08621187917648715
0.75,0.892792,2.4515475,0.5919349799937073,0.08638885588816678
0.75,1.21155,2.4515475,0.5906387412404133,0.0887465492843269
0.75,1.53031,2.4515475,0.586090290352598,0.0931758454480551
0.75,1.84907,2.4515475,0.5783630663517823,0.0986151700476755
0.75,2.16783,2.6906175,0.5627920737633145,0.11725939863109248
0.75,2.48659,2.6906175,0.5510011282400368,0.11762782274876724
0.75,2.80535,2.6906175,0.5386974061999439,0.11474912594317682
0.75,3.12411,2.6906175,0.5266281317458091,0.10908174767033832
0.75,3.44287,2.6906175,0.5153539765663637,0.10209258739379798
0.75,3.76162,2.6906175,0.5052415374428854,0.09586984383359595
0.75,4.08038,2.6906175,0.496648361424878,0.09261125105846733
0.75,4.39914,2.6906175,0.48917886369931646,0.09342690064828411
0.75,4.7179,2.6906175,0.4815846199971581,0.09799320114552341
0.75,5.03666,2.6906175,0.4722912246213268,0.10468538985881869
0.75,5.35542,2.9296875,0.4536065610735165,0.12120451523057171
0.75,5.67418,2.9296875,0.43874324297369216,0.12318069554177763
0.75,5.99294,2.9296875,0.42132586667961514,0.1201769721589818
0.75,6.3117,2.9296875,0.40245757003794114,0.11241404346262719
0.75,6.63046,2.9296875,0.38258939277291415,0.10112101241340521
0.75,6.94922,2.9296875,0.36137579371719825,0.08800753109062318
0.75,7.26798,2.9296875,0.3401950114201723,0.0761328738543796
0.75,7.58673,3.1687575,0.3169746051294117,0.06779952405019603
0.75,7.90549,2.9296875,0.29755048614253393,0.058819078075658934
0.75,8.22425,2.9296875,0.2781364195956021,0.05268200338780601
0.75,8.54301,3.1687575,0.28915829665057474,0.042306985401277704
0.75,8.86177,3.1687575,0.29704300775583764,0.03559015164534735
0.75,9.18053,3.4078275000000002,0.28168199552398776,0.06088059862252125
0.75,9.49929,2.6906175,0.30389922695347343,0.05694658257793571
0.75,9.81805,2.4515475,0.30225821742498793,0.1131569533995601
0.75,10.1368,3.4078275000000002,0.28290801375147173,0.168529334355658
0.75,10.4556,3.6468974999999997,0.2820257222861059,0.14665270102729183
0.75,10.7743,3.6468974999999997,0.27775297598598986,0.1424897350401463
0.75,11.0931,3.6468974999999997,0.27140502039243986,0.1362313501086932
0.75,11.4118,3.6468974999999997,0.26260767139162416,0.12907686023778717
0.75,11.7306,3.8859674999999996,0.24602661017001534,0.13560780270076872
0.75,12.0494,3.8859674999999996,0.2342431103582448,0.13333711671052526
0.75,12.3681,3.8859674999999996,0.22185071973520554,0.13252003987607303
0.75,12.6869,4.1250374999999995,0.2086904314775822,0.14077654491905206
0.75,13.0056,4.1250374999999995,0.200815506251707,0.13816108043009484
0.75,13.3244,4.1250374999999995,0.19461198683270836,0.13473999775504153
0.75,13.6432,4.3641075,0.1897379198387317,0.13490549441161703
0.75,13.9619,4.3641075,0.1855009752017007,0.13008169633390965
0.75,14.2807,4.3641075,0.18101989946290037,0.12477956196087038
0.75,14.5994,4.6031775,0.17490813332223026,0.1226796636682678
0.75,14.9182,4.3641075,0.17081168647350392,0.11187936668385946
0.75,15.237,4.3641075,0.1653729886679449,0.10458927956110253
0.75,15.5557,4.3641075,0.15993016552514155,0.09750067809918761
0.75,15.8745,4.8422475,0.14748973165640014,0.10036406578584843
0.75,16.1932,4.8422475,0.13899905500311868,0.08807683465717794
0.75,16.512,4.8422475,0.13346104558380634,0.07963894139304505
0.75,16.8308,5.0813175,0.11955053232932014,0.06006094642724005
0.75,17.1495,5.0813175,0.11373335162910689,0.04732741762579068
0.75,17.4683,5.0813175,0.10753121687255024,0.033576446108818665
0.75,17.787,5.3203875,0.09305004828176087,0.006438486866755726
0.75,18.1058,5.3203875,0.08651858422573126,-0.006265093568367877
0.75,18.4245,5.3203875,0.079523029819595,-0.0178381112964391
0.75,18.7433,5.3203875,0.07222698444846942,-0.028290350669321517
0.75,19.0621,5.55945,0.06152128534099045,-0.04617330591778431
0.75,19.3808,5.55945,0.055751547381397024,-0.05328505105519176
0.75,19.6996,5.55945,0.05098779056121883,-0.058447321980025495
0.75,20.0183,5.55945,0.04751791191898016,-0.06130098768463084
0.75,20.3371,5.79852,0.04511404889978076,-0.06317118196873174
0.75,20.6559,5.79852,0.04403738462258162,-0.061386378135126506
0.75,20.9746,5.79852,0.04350693533785329,-0.059506913867338834
0.75,21.2934,6.03759,0.043288670395576975,-0.05739892205531725
0.75,21.6121,6.03759,0.0428162577779336,-0.0575905346164918
0.75,21.9309,6.03759,0.0422749071944225,-0.058839387044650915
0.75,22.2497,6.03759,0.04152629356034043,-0.060450848332139935
0.75,22.5684,6.276660000000001,0.040638985149623906,-0.060784314105762724
0.75,22.8872,6.276660000000001,0.03932075429568991,-0.061282736555254506
0.75,23.2059,6.276660000000001,0.03758225791910565,-0.06110861288854601
0.75,23.5247,6.276660000000001,0.03561582405350143,-0.060479252146922215
0.75,23.8435,6.51573,0.0342215956308637,-0.05801494401541262
0.75,24.1622,6.51573,0.032584520314010906,-0.05731217654145102
0.75,24.481,6.51573,0.031425981739534814,-0.05687849025709916
0.75,24.7997,6.51573,0.03056087917961512,-0.05676607703084743
0.75,25.1185,6.7547999999999995,0.03030094325289909,-0.05603351064861629
0.75,25.4372,6.7547999999999995,0.02941895447450783,-0.056554155491131027
0.75,25.756,6.7547999999999995,0.0282827617213393,-0.057159947905486654
0.75,26.0748,6.7547999999999995,0.02702961056372856,-0.05776789620514784
0.75,26.3935,6.99387,0.027589570175975922,-0.05678947908882208
0.75,26.7123,6.99387,0.02685831857602622,-0.05705155651384403
0.75,27.031,6.99387,0.02630056771017103,-0.057186980845629704
0.75,27.3498,6.99387,0.02564443674643649,-0.05699020226613416
0.75,27.6686,6.99387,0.024536975841680627,-0.056338098990942796
0.75,27.9873,7.232939999999999,0.02469146575372548,-0.054039603419607805
0.75,28.3061,7.232939999999999,0.021956707516862732,-0.053246474886274466
0.75,28.6248,7.232939999999999,0.019134525882352933,-0.05261489207843133
0.75,28.9436,7.232939999999999,0.016978742189803914,-0.05223905502745094
0.75,29.2624,7.232939999999999,0.0160536233317647,-0.05199298180392152
0.75,29.5811,7.232939999999999,0.016442765599999996,-0.051612490447058776
0.75,29.8999,7.472010000000001,0.017790590260051812,-0.05094652787160537
0.75,30.2186,7.472010000000001,0.01918697174455426,-0.0499890617215238
0.75,30.5374,7.472010000000001,0.019999686344880526,-0.048852176321850065
0.75,30.8562,7.472010000000001,0.0198635411980616,-0.047830047447461804
0.75,31.1749,7.472010000000001,0.01892297309039439,-0.04714177909509639
0.75,31.4937,7.472010000000001,0.017667662527588515,-0.04682672240667877
0.75,31.8124,7.472010000000001,0.016610363220900096,-0.046771425506189374
0.75,32.1312,7.472010000000001,0.016029437609154585,-0.04684216408693978
0.75,32.45,7.71105,0.01566307254452916,-0.04657268413336971
0.75,32.7687,7.71105,0.01586434585046466,-0.047425233418098026
0.75,33.0875,7.71105,0.01607141198172329,-0.048797289071254
0.75,33.4062,7.71105,0.016299033712806235,-0.05045093225107582
0.75,33.725,7.71105,0.01674738609077085,-0.051980376911635484
0.75,34.0437,7.71105,0.017537983399090587,-0.0530072548448768
0.75,34.3625,7.71105,0.018557688280506076,-0.05330665994589323
0.75,34.6813,7.71105,0.019435877733385985,-0.05290246142663109
0.75,35.0,7.71105,0.019662872017486878,-0.0520648913425553
0.75,35.3188,7.950149999999999,0.02094684931388541,-0.051850584560022984
0.75,35.6375,7.950149999999999,0.018851866646674972,-0.05137519181940308
0.75,35.9563,7.950149999999999,0.01570539641828998,-0.05133879173783701
0.75,36.2751,7.950149999999999,0.012165645684195365,-0.05153055641972934
0.75,36.5938,7.71105,0.00803539778295306,-0.04986173301026769
0.75,36.9126,7.950149999999999,0.006102632715190473,-0.05113744916034924
0.75,37.2313,7.950149999999999,0.0038726130169849265,-0.049993464250071916
0.75,37.5501,7.950149999999999,0.001824907266577095,-0.0481194487525189
0.75,37.8689,7.950149999999999,-0.00040214762738698573,-0.045615214657902255
0.75,38.1876,7.950149999999999,-0.0029920618606658744,-0.04262766898090388
0.75,38.5064,7.950149999999999,-0.0059019820482678325,-0.03934101441320405
0.75,38.8251,7.950149999999999,-0.008952336942231945,-0.03595939981287778
0.75,39.1439,7.950149999999999,-0.011930778826408127,-0.032675570693791324
0.75,39.4627,7.950149999999999,-0.014649627766049236,-0.029666573548603723
0.75,39.7814,8.189250000000001,-0.014355485332870649,-0.030288639648490812
0.75,40.1002,8.189250000000001,-0.016485138291209213,-0.0277437560997394
0.75,40.4189,8.189250000000001,-0.018261373675197166,-0.025754760397643774
0.75,40.7377,8.189250000000001,-0.019571559482701246,-0.024296785589010314
0.75,41.0565,8.189250000000001,-0.020325424688498715,-0.023240368315826727
0.75,41.3752,8.189250000000001,-0.020493805288323036,-0.02239557587009953
0.75,41.694,8.189250000000001,-0.02012817763742581,-0.02159260259867275
0.75,42.0127,8.189250000000001,-0.01937684216559748,-0.020752377968857212
0.75,42.3315,8.189250000000001,-0.018450041767178606,-0.01988113322986863
0.75,42.6502,8.189250000000001,-0.017553466732669883,-0.019015442217821952
0.75,42.969,8.189250000000001,-0.01684026565662521,-0.01818709609848452
0.75,43.2878,8.189250000000001,-0.016389976225705396,-0.01741171249326429
0.75,43.6065,8.189250000000001,-0.016197491880116238,-0.01671134505067426
0.75,43.9253,8.189250000000001,-0.016215819656499722,-0.01611149450794619
0.75,44.244,8.189250000000001,-0.016413857465509638,-0.01562891362264063
0.75,44.5628,8.189250000000001,-0.016788673166977828,-0.015256321967476873
0.75,44.8816,8.189250000000001,-0.017346949415566106,-0.014957196958065406
0.75,45.2003,8.189250000000001,-0.01810233239335504,-0.014665399417596087
0.75,45.5191,8.189250000000001,-0.019059296535656457,-0.014311757291858856
0.75,45.8378,8.189250000000001,-0.020177484291334712,-0.013877410494895624
0.75,46.1566,8.189250000000001,-0.021384766807961638,-0.013414320772220257
0.75,46.4754,8.189250000000001,-0.022604445575686576,-0.01301379471499852
0.75,46.7941,8.189250000000001,-0.023751328813859492,-0.01277127134631989
0.75,47.1129,8.189250000000001,-0.024734695152170447,-0.012744516436669996
0.75,47.4316,8.189250000000001,-0.025479397517586433,-0.012928125346194402
0.75,47.7504,8.189250000000001,-0.025947677929181363,-0.01327632766455304
0.75,48.0692,8.189250000000001,-0.026159236848117242,-0.013756960909000273
0.75,48.3879,8.189250000000001,-0.026196842887143468,-0.014374361859558685
0.75,48.7067,8.189250000000001,-0.026189795738818713,-0.015156173134499079
0.75,49.0254,8.189250000000001,-0.02624826115794282,-0.01611817053693351
0.75,49.3442,8.189250000000001,-0.026408422090933158,-0.017240676052054604
0.75,49.6629,8.428275,-0.027696618767115856,-0.018555295069497192
0.75,49.9817,8.428275,-0.02816118664373149,-0.02001423208010078
0.75,50.3005,8.428275,-0.028526965447847438,-0.021519467544086224
0.75,50.6192,8.428275,-0.028811008106273836,-0.022996366966849428
0.75,50.938,8.428275,-0.029069829118791093,-0.024413036859558677
0.75,51.2567,8.428275,-0.029367011927801025,-0.025761738343433694
0.75,51.5755,8.428275,-0.029741634244277376,-0.02701176348774289
0.75,51.8943,8.428275,-0.03017976789326092,-0.02809499430403101
0.75,52.213,8.428275,-0.030610888523672518,-0.028913853100617785
0.75,52.5318,8.428275,-0.0309530203275375,-0.029363370825551904
0.75,52.8505,8.428275,-0.031162241590870415,-0.029384510083928117
0.75,53.1693,8.428275,-0.03123723000613582,-0.02898477377761616
0.75,53.4881,8.428275,-0.03120882672765052,-0.02823308711680552
0.75,53.8068,8.428275,-0.031105945707604013,-0.027218847265506742
0.75,54.1256,8.428275,-0.030910658177173596,-0.02602202907941062
0.75,54.4443,8.428275,-0.030557165399692103,-0.024695135460386906
0.75,54.7631,8.428275,-0.029986946665534742,-0.02328284339111849
0.75,55.0819,8.428275,-0.02920362544298486,-0.021836538106578395
0.75,55.4006,8.428275,-0.028272909584658844,-0.020420817349582534
0.75,55.7194,8.428275,-0.027303584506229932,-0.01911662483326932
0.75,56.0381,8.428275,-0.026429763231603256,-0.018018365070438348
0.75,56.3569,8.428275,-0.025769007785499603,-0.017203626971241455
0.75,56.6757,8.428275,-0.025390150985712925,-0.016701181393063515
0.75,56.9944,8.428275,-0.025319198377167312,-0.016490460057262284
0.75,57.3132,8.428275,-0.025561312113206964,-0.016537215832767363
0.75,57.6319,8.428275,-0.026103051316682932,-0.016817477410443357
0.75,57.9507,8.428275,-0.02689668632891784,-0.017327048658404204
0.75,58.2694,8.428275,-0.02786785892899313,-0.01807586013725977
0.75,58.5882,8.428275,-0.028923502153362562,-0.019056339248503334
0.75,58.907,8.428275,-0.029950484241767633,-0.020204038796752803
0.75,59.2257,8.428275,-0.03082598738645329,-0.021377081735013563
0.75,59.5445,8.428275,-0.031460940156405603,-0.02239217418858365
0.75,59.8632,8.428275,-0.03182078821936842,-0.023077858904357273
0.75,60.182,8.428275,-0.031923114477054475,-0.023333227049670363
0.75,60.5008,8.428275,-0.03183933862014018,-0.0231566635379374
0.75,60.8195,8.428275,-0.03167767521334502,-0.02263836695116365
0.75,61.1383,8.428275,-0.03152500826093566,-0.022040467528400446
0.75,61.457,8.428275,-0.031453302308024386,-0.021447499441124757
0.75,61.7758,8.428275,-0.03147405121660773,-0.02093592606774039
0.75,62.0946,8.189250000000001,-0.03229358416051534,-0.020635475515600847
1.0,-31.6206,7.4126,-0.0291540705882352,-0.0126958352941176
1.0,-31.3019,8.68764,-0.0310870005882352,-0.0169322352941176
1.0,-30.9831,9.32516,-0.0339111505882352,-0.0205628352941176
1.0,-30.6644,9.96268,-0.0362106205882352,-0.0241094352941176
1.0,-30.3456,10.6002,-0.0365889905882352,-0.0277454352941176
1.0,-30.0269,11.2377,-0.0368897805882353,-0.0338964352941176
1.0,-29.7081,11.8752,-0.0381897405882352,-0.0497784352941176
1.0,-29.3893,11.8752,-0.0380140605882352,-0.0506544352941176
1.0,-29.0706,11.5565,-0.0364942905882352,-0.0430574352941176
1.0,-28.7518,11.5565,-0.0361465705882353,-0.0449884352941176
1.0,-28.4331,11.5565,-0.0358362405882353,-0.0474464352941176
1.0,-28.1143,11.5565,-0.0355866505882353,-0.0503094352941176
1.0,-27.7955,11.5565,-0.0353354905882353,-0.0532604352941176
1.0,-27.4768,11.2377,-0.0317874105882352,-0.0467574352941176
1.0,-27.158,10.919,-0.0256846705882352,-0.0420844352941176
1.0,-26.8393,10.6002,-0.0174039705882352,-0.0368284352941176
1.0,-26.5205,10.6002,-0.0147616705882352,-0.0373784352941176
1.0,-26.2017,10.6002,-0.0131562705882352,-0.0377524352941176
1.0,-25.883,10.6002,-0.0126312705882352,-0.0384654352941176
1.0,-25.5642,10.6002,-0.0128249705882352,-0.0401024352941176
1.0,-25.2455,10.2814,-0.0102920705882352,-0.0339944352941176
1.0,-24.9267,10.6002,-0.0128983705882352,-0.0459034352941176
1.0,-24.6079,10.6002,-0.0113403705882352,-0.0487294352941176
1.0,-24.2892,10.6002,-0.0080671705882352,-0.0510514352941176
1.0,-23.9704,10.919,-0.0083659705882352,-0.0601884352941176
1.0,-23.6517,10.919,-0.0054174705882352,-0.0601994352941176
1.0,-23.3329,10.6002,0.0048489294117647,-0.0548984352941176
1.0,-23.0141,10.6002,0.0089790294117647,-0.0568574352941176
1.0,-22.6954,9.64392,0.0053994294117647,-0.0455664352941176
1.0,-22.3766,9.64392,0.0048426294117647,-0.0479474352941176
1.0,-22.0579,10.2814,0.0095993294117647,-0.0675904352941176
1.0,-21.7391,10.2814,0.0067284294117647,-0.0710094352941176
1.0,-21.4204,9.96268,-0.0001896705882352,-0.0671004352941176
1.0,-21.1016,9.64392,-0.0042697705882352,-0.0609394352941176
1.0,-20.7828,9.64392,-0.0063068705882352,-0.0648544352941176
1.0,-20.4641,9.32516,-0.0019369705882352,-0.0588954352941176
1.0,-20.1453,9.0064,0.0049501294117647,-0.0546004352941176
1.0,-19.8266,8.68764,0.0122143294117647,-0.0516374352941176
1.0,-19.5078,8.36888,0.0187932294117647,-0.0493194352941176
1.0,-19.189,8.05012,0.0246448294117647,-0.0475764352941176
1.0,-18.8703,8.05012,0.0272573294117647,-0.0508904352941176
1.0,-18.5515,7.73136,0.0359501294117647,-0.0480494352941176
1.0,-18.2328,7.73136,0.0405761294117647,-0.0509954352941176
1.0,-17.914,7.73136,0.0450495294117647,-0.0544064352941176
1.0,-17.5952,7.73136,0.0490752294117647,-0.0585454352941176
1.0,-17.2765,7.73136,0.0525536294117647,-0.0635674352941176
1.0,-16.9577,7.73136,0.0552871294117647,-0.0690694352941176
1.0,-16.639,8.05012,0.0545945294117647,-0.0888524352941176
1.0,-16.3202,7.73136,0.0606430294117647,-0.0809244352941176
1.0,-16.0014,7.73136,0.0639360294117647,-0.0864494352941176
1.0,-15.6827,7.4126,0.0732040294117647,-0.0819254352941176
1.0,-15.3639,7.4126,0.0784060294117647,-0.0871874352941176
1.0,-15.0452,7.09385,0.0905480294117647,-0.0813004352941176
1.0,-14.7264,7.09385,0.0945990294117647,-0.0857604352941176
1.0,-14.4077,7.09385,0.0973130294117647,-0.0898694352941176
1.0,-14.0889,6.77509,0.1082280294117647,-0.0836704352941176
1.0,-13.7701,6.13757,0.1349300294117646,-0.0649494352941176
1.0,-13.4514,5.81881,0.1549840294117647,-0.0567974352941176
1.0,-13.1326,5.81881,0.1655390294117647,-0.0590004352941176
1.0,-12.8139,5.81881,0.1764340294117647,-0.0611544352941176
1.0,-12.4951,5.81881,0.1876460294117647,-0.0632564352941176
1.0,-12.1763,5.50005,0.2126720294117647,-0.0540454352941176
1.0,-11.8576,5.50005,0.2282100294117647,-0.0555484352941176
1.0,-11.5388,5.50005,0.2440250294117647,-0.0565374352941176
1.0,-11.2201,5.50005,0.2603140294117647,-0.0572234352941176
1.0,-10.9013,5.50005,0.2769510294117647,-0.0579274352941176
1.0,-10.5825,5.50005,0.2929810294117647,-0.0587534352941176
1.0,-10.2638,5.18129,0.3229180294117647,-0.0437314352941176
1.0,-9.94502,5.18129,0.3429260294117647,-0.0449864352941176
1.0,-9.62626,5.18129,0.3610690294117647,-0.0463394352941176
1.0,-9.3075,4.86253,0.3936730294117647,-0.0296814352941176
1.0,-8.98874,4.86253,0.4102190294117647,-0.0288394352941176
1.0,-8.66998,4.86253,0.4227950294117647,-0.0273534352941176
1.0,-8.35123,4.54377,0.4416410294117647,-0.0036657352941176
1.0,-8.03247,4.54377,0.4524170294117647,0.0004045647058823
1.0,-7.71371,4.54377,0.4631280294117647,0.0045829647058823
1.0,-7.39495,4.22501,0.4892530294117647,0.0283182647058823
1.0,-7.07619,4.22501,0.5037960294117647,0.0340034647058823
1.0,-6.75743,4.22501,0.5171930294117647,0.0400506647058823
1.0,-6.43867,4.22501,0.5290180294117647,0.0462600647058823
1.0,-6.11991,3.90625,0.5431000294117647,0.0642445647058823
1.0,-5.80115,3.90625,0.5533630294117647,0.0707703147058823
1.0,-5.48239,3.90625,0.5622440294117648,0.0765299147058823
1.0,-5.16363,3.90625,0.5693510294117647,0.0813718647058823
1.0,-4.84487,3.90625,0.5740630294117647,0.0852445247058823
1.0,-4.52611,3.58749,0.5776030294117648,0.0935411647058823
1.0,-4.20736,3.58749,0.5756490294117648,0.0965108647058823
1.0,-3.8886,3.58749,0.5722680294117647,0.0983595647058823
1.0,-3.56984,3.58749,0.5694180294117647,0.0993756647058823
1.0,-3.25108,3.58749,0.5686900294117647,0.0999272647058823
1.0,-2.93232,3.58749,0.5707770294117648,0.1005028647058823
1.0,-2.61356,3.58749,0.5749550294117647,0.1014234647058823
1.0,-2.2948,3.58749,0.5800500294117648,0.1028486647058823
1.0,-1.97604,3.58749,0.5847300294117648,0.1047472647058823
1.0,-1.65728,3.58749,0.5879860294117647,0.1069570647058823
1.0,-1.33852,3.26873,0.5890580294117648,0.0982813647058823
1.0,-1.01976,3.26873,0.5886650294117647,0.1015594647058823
1.0,-0.701004,3.26873,0.5875720294117647,0.1045629647058823
1.0,-0.382245,3.26873,0.5869270294117648,0.1070385647058823
1.0,-0.063486,3.26873,0.5875650294117647,0.1090816647058823
1.0,0.255273,3.26873,0.5894680294117647,0.1111436647058823
1.0,0.574032,3.26873,0.5916500294117647,0.1138095647058823
1.0,0.892792,3.26873,0.5925440294117648,0.1174852647058823
1.0,1.21155,3.26873,0.5907130294117647,0.1219891647058823
1.0,1.53031,3.26873,0.5853070294117647,0.1265804647058823
1.0,1.84907,3.26873,0.5763540294117647,0.1301240647058823
1.0,2.16783,3.58749,0.5459530294117647,0.1460919647058823
1.0,2.48659,3.58749,0.5342800294117648,0.1432882647058823
1.0,2.80535,3.58749,0.5222040294117647,0.1381759647058823
1.0,3.12411,3.58749,0.5106060294117647,0.1316169647058823
1.0,3.44287,3.58749,0.5004110294117647,0.1250122647058823
1.0,3.76162,3.58749,0.4920250294117647,0.1199698647058823
1.0,4.08038,3.58749,0.4860270294117647,0.1183040647058823
1.0,4.39914,3.58749,0.4813640294117647,0.1205616647058823
1.0,4.7179,3.58749,0.4757430294117647,0.1259817647058823
1.0,5.03666,3.58749,0.4667650294117647,0.1326089647058823
1.0,5.35542,3.90625,0.4295210294117647,0.1410870647058823
1.0,5.67418,3.90625,0.4162200294117647,0.1396152647058823
1.0,5.99294,3.90625,0.4007750294117647,0.1341979647058823
1.0,6.3117,3.90625,0.3841360294117647,0.1253263647058823
1.0,6.63046,3.90625,0.3664520294117647,0.1134438647058823
1.0,6.94922,3.90625,0.3473610294117647,0.0990332647058823
1.0,7.26798,3.90625,0.3288310294117647,0.0849272247058823
1.0,7.58673,4.22501,0.3297450294117647,0.0671303647058823
1.0,7.90549,3.90625,0.2918300294117647,0.0576897647058823
1.0,8.22425,3.90625,0.2758650294117647,0.0444228647058823
1.0,8.54301,4.22501,0.3059420294117647,0.0275417647058823
1.0,8.86177,4.22501,0.2973140294117647,0.0197269647058823
1.0,9.18053,4.54377,0.2759070294117647,0.0832032347058823
1.0,9.49929,3.58749,0.2844040294117647,0.0410380647058823
1.0,9.81805,3.26873,0.2841710294117647,0.1593165647058823
1.0,10.1368,4.54377,0.2749210294117647,0.1530502647058823
1.0,10.4556,4.86253,0.2316200294117647,0.1511572647058823
1.0,10.7743,4.86253,0.2555490294117647,0.1519004647058823
1.0,11.0931,4.86253,0.2499290294117646,0.1558181647058823
1.0,11.4118,4.86253,0.2429540294117647,0.1590774647058823
1.0,11.7306,5.18129,0.2191640294117647,0.1627579647058823
1.0,12.0494,5.18129,0.2140070294117647,0.1629875647058823
1.0,12.3681,5.18129,0.2083800294117647,0.1612190647058823
1.0,12.6869,5.50005,0.1959660294117647,0.1549615647058823
1.0,13.0056,5.50005,0.1946430294117647,0.1500965647058823
1.0,13.3244,5.50005,0.1934310294117647,0.1448243647058823
1.0,13.6432,5.81881,0.1830640294117647,0.1432618647058823
1.0,13.9619,5.81881,0.1791920294117647,0.1396891647058823
1.0,14.2807,5.81881,0.1731740294117646,0.1359418647058823
1.0,14.5994,6.13757,0.1530520294117646,0.1230266647058823
1.0,14.9182,5.81881,0.1554640294117647,0.1260552647058823
1.0,15.237,5.81881,0.1452350294117647,0.1185314647058823
1.0,15.5557,5.81881,0.1357070294117646,0.1090873647058823
1.0,15.8745,6.45633,0.0950190294117647,0.0300320647058823
1.0,16.1932,6.45633,0.0832910294117647,0.0030853647058823
1.0,16.512,6.45633,0.0797960294117647,-0.0062281352941176
1.0,16.8308,6.77509,0.0693320294117647,-0.0358494352941176
1.0,17.1495,6.77509,0.0684970294117646,-0.0375064352941176
1.0,17.4683,6.77509,0.0678750294117647,-0.0382494352941176
1.0,17.787,7.09385,0.0665690294117647,-0.0309774352941176
1.0,18.1058,7.09385,0.0656260294117647,-0.0312214352941176
1.0,18.4245,7.09385,0.0637510294117646,-0.0336044352941176
1.0,18.7433,7.09385,0.0609660294117647,-0.0384524352941176
1.0,19.0621,7.4126,0.0546796294117647,-0.0381004352941176
1.0,19.3808,7.4126,0.0525577294117647,-0.0443014352941176
1.0,19.6996,7.4126,0.0510180294117647,-0.0495844352941176
1.0,20.0183,7.4126,0.0500732294117647,-0.0532704352941176
1.0,20.3371,7.73136,0.0497170294117647,-0.0548934352941176
1.0,20.6559,7.73136,0.0495413294117647,-0.0555904352941176
1.0,20.9746,7.73136,0.0490874294117647,-0.0555214352941176
1.0,21.2934,8.05012,0.0490907294117647,-0.0513364352941176
1.0,21.6121,8.05012,0.0481826294117647,-0.0511914352941176
1.0,21.9309,8.05012,0.0472905294117647,-0.0509474352941176
1.0,22.2497,8.05012,0.0463447294117647,-0.0508274352941176
1.0,22.5684,8.36888,0.0424257294117647,-0.0561304352941176
1.0,22.8872,8.36888,0.0409163294117647,-0.0564224352941176
1.0,23.2059,8.36888,0.0388921294117647,-0.0570474352941176
1.0,23.5247,8.36888,0.0365014294117647,-0.0578854352941176
1.0,23.8435,8.68764,0.0331580294117647,-0.0580754352941176
1.0,24.1622,8.68764,0.0324582294117647,-0.0580134352941176
1.0,24.481,8.68764,0.0326592294117647,-0.0573184352941176
1.0,24.7997,8.68764,0.0337229294117647,-0.0558874352941176
1.0,25.1185,9.0064,0.0344505294117647,-0.0513754352941176
1.0,25.4372,9.0064,0.0352583294117647,-0.0496524352941176
1.0,25.756,9.0064,0.0357971294117647,-0.0482574352941176
1.0,26.0748,9.0064,0.0360609294117647,-0.0475084352941176
1.0,26.3935,9.32516,0.0306697294117647,-0.0483894352941176
1.0,26.7123,9.32516,0.0310312294117647,-0.0493014352941176
1.0,27.031,9.32516,0.0312906294117647,-0.0503504352941176
1.0,27.3498,9.32516,0.0310043294117647,-0.0511994352941176
1.0,27.6686,9.32516,0.0297329294117647,-0.0516054352941176
1.0,27.9873,9.64392,0.0212296294117647,-0.0461254352941176
1.0,28.3061,9.64392,0.0189299294117647,-0.0452454352941176
1.0,28.6248,9.64392,0.0168603294117647,-0.0443274352941176
1.0,28.9436,9.64392,0.0157068294117647,-0.0436264352941176
1.0,29.2624,9.64392,0.0158228294117647,-0.0432834352941176
1.0,29.5811,9.64392,0.0169275294117647,-0.0433184352941176
1.0,29.8999,9.96268,0.0131025294117647,-0.0418304352941176
1.0,30.2186,9.96268,0.0137829294117647,-0.0423724352941176
1.0,30.5374,9.96268,0.0138178294117647,-0.0431224352941176
1.0,30.8562,9.96268,0.0134134294117647,-0.0440884352941176
1.0,31.1749,9.96268,0.0131197294117647,-0.0452564352941176
1.0,31.4937,9.96268,0.0135106294117647,-0.0465384352941176
1.0,31.8124,9.96268,0.0147079294117647,-0.0477934352941176
1.0,32.1312,9.96268,0.0164060294117647,-0.0489294352941176
1.0,32.45,10.2814,0.0211865294117647,-0.0471684352941176
1.0,32.7687,10.2814,0.0212939294117647,-0.0476994352941176
1.0,33.0875,10.2814,0.0206121294117647,-0.0483624352941176
1.0,33.4062,10.2814,0.0192558294117647,-0.0492934352941176
1.0,33.725,10.2814,0.0175413294117647,-0.0504764352941176
1.0,34.0437,10.2814,0.0157759294117647,-0.0517334352941176
1.0,34.3625,10.2814,0.0143937294117647,-0.0527964352941176
1.0,34.6813,10.2814,0.0136358294117647,-0.0534144352941176
1.0,35.0,10.2814,0.0136719294117647,-0.0534154352941176
1.0,35.3188,10.6002,0.0145309294117647,-0.0492474352941176
1.0,35.6375,10.6002,0.0178265294117647,-0.0479164352941176
1.0,35.9563,10.6002,0.0217010294117647,-0.0462154352941176
1.0,36.2751,10.6002,0.0253807294117647,-0.0442684352941176
1.0,36.5938,10.2814,0.0204789294117647,-0.0464574352941176
1.0,36.9126,10.6002,0.0279184294117647,-0.0405144352941176
1.0,37.2313,10.6002,0.0253243294117647,-0.0393244352941176
1.0,37.5501,10.6002,0.0208092294117647,-0.0388004352941176
1.0,37.8689,10.6002,0.0155955294117647,-0.0389154352941176
1.0,38.1876,10.6002,0.0110491294117647,-0.0395714352941176
1.0,38.5064,10.6002,0.0075897294117647,-0.0406644352941176
1.0,38.8251,10.6002,0.0058561294117647,-0.0421644352941176
1.0,39.1439,10.6002,0.0056458294117647,-0.0439994352941176
1.0,39.4627,10.6002,0.0064157294117647,-0.0460004352941176
1.0,39.7814,10.919,0.0071619294117647,-0.0427374352941176
1.0,40.1002,10.919,0.0071475294117647,-0.0435674352941176
1.0,40.4189,10.919,0.0064128294117647,-0.0436234352941176
1.0,40.7377,10.919,0.0049132294117647,-0.0427724352941176
1.0,41.0565,10.919,0.0027899294117647,-0.0411354352941176
1.0,41.3752,10.919,0.0002715294117647,-0.0390484352941176
1.0,41.694,10.919,-0.0022198705882352,-0.0369504352941176
1.0,42.0127,10.919,-0.0045087705882352,-0.0351164352941176
1.0,42.3315,10.919,-0.0066235705882352,-0.0335304352941176
1.0,42.6502,10.919,-0.0086727705882352,-0.0318974352941176
1.0,42.969,10.919,-0.0106992705882352,-0.0298484352941176
1.0,43.2878,10.919,-0.0126616705882352,-0.0272004352941176
1.0,43.6065,10.919,-0.0144274705882352,-0.0240764352941176
1.0,43.9253,10.919,-0.0158200705882352,-0.0209019352941176
1.0,44.244,10.919,-0.0167577705882352,-0.0182455352941176
1.0,44.5628,10.919,-0.0173419705882352,-0.0166036352941176
1.0,44.8816,10.919,-0.0177265705882352,-0.0162073352941176
1.0,45.2003,10.919,-0.0180532705882352,-0.0169348352941176
1.0,45.5191,10.919,-0.0184111705882352,-0.0183850352941176
1.0,45.8378,10.919,-0.0188568705882352,-0.0200817352941176
1.0,46.1566,10.919,-0.0194235705882352,-0.0216414352941176
1.0,46.4754,10.919,-0.0201259705882352,-0.0228764352941176
1.0,46.7941,10.919,-0.0209129705882352,-0.0237934352941176
1.0,47.1129,10.919,-0.0216877705882352,-0.0245444352941176
1.0,47.4316,10.919,-0.0223866705882352,-0.0252974352941176
1.0,47.7504,10.919,-0.0230647705882352,-0.0261404352941176
1.0,48.0692,10.919,-0.0238869705882352,-0.0270804352941176
1.0,48.3879,10.919,-0.0250403705882352,-0.0280634352941176
1.0,48.7067,10.919,-0.0266022705882352,-0.0289114352941176
1.0,49.0254,10.919,-0.0284274705882352,-0.0293384352941176
1.0,49.3442,10.919,-0.0301342605882352,-0.0290824352941176
1.0,49.6629,11.2377,-0.0278567705882352,-0.0240474352941176
1.0,49.9817,11.2377,-0.0271769705882352,-0.0218704352941176
1.0,50.3005,11.2377,-0.0258820705882352,-0.0193842352941176
1.0,50.6192,11.2377,-0.0242241705882352,-0.0169255352941176
1.0,50.938,11.2377,-0.0225690705882352,-0.0146892352941176
1.0,51.2567,11.2377,-0.0211923705882352,-0.0125568352941176
1.0,51.5755,11.2377,-0.0203864705882352,-0.0105036352941176
1.0,51.8943,11.2377,-0.0201529705882352,-0.0083934352941176
1.0,52.213,11.2377,-0.0204037705882352,-0.0062819352941176
1.0,52.5318,11.2377,-0.0210531705882352,-0.0044803352941176
1.0,52.8505,11.2377,-0.0220076705882352,-0.0033854352941176
1.0,53.1693,11.2377,-0.0231163705882352,-0.0032756352941176
1.0,53.4881,11.2377,-0.0241589705882352,-0.0041278352941176
1.0,53.8068,11.2377,-0.0249205705882352,-0.0056927352941176
1.0,54.1256,11.2377,-0.0253268705882352,-0.0076251352941176
1.0,54.4443,11.2377,-0.0255561705882352,-0.0096332352941176
1.0,54.7631,11.2377,-0.0259926705882352,-0.0116037352941176
1.0,55.0819,11.2377,-0.0269964705882352,-0.0135297352941176
1.0,55.4006,11.2377,-0.0286555705882352,-0.0153609352941176
1.0,55.7194,11.2377,-0.0306992305882352,-0.0169507352941176
1.0,56.0381,11.2377,-0.0326378805882352,-0.0181233352941176
1.0,56.3569,11.2377,-0.0339454205882353,-0.0187702352941176
1.0,56.6757,11.2377,-0.0343104705882352,-0.0189052352941176
1.0,56.9944,11.2377,-0.0337674805882352,-0.0187248352941176
1.0,57.3132,11.2377,-0.0326264905882352,-0.0185290352941176
1.0,57.6319,11.2377,-0.0312863405882353,-0.0185362352941176
1.0,57.9507,11.2377,-0.0300562105882352,-0.0187427352941176
1.0,58.2694,11.2377,-0.0290778705882352,-0.0188855352941176
1.0,58.5882,11.2377,-0.0283541705882352,-0.0185663352941176
1.0,58.907,11.2377,-0.0278335705882352,-0.0174145352941176
1.0,59.2257,11.2377,-0.0275525705882352,-0.0153009352941176
1.0,59.5445,11.2377,-0.0275929705882352,-0.0124215352941176
1.0,59.8632,11.2377,-0.0279179705882352,-0.0091826352941176
1.0,60.182,11.2377,-0.0282625705882352,-0.0060380352941176
1.0,60.5008,11.2377,-0.0282444705882352,-0.0033212352941176
1.0,60.8195,11.2377,-0.0277333705882352,-0.0012544352941176
1.0,61.1383,11.2377,-0.0268144705882352,0.0001318647058823
1.0,61.457,11.2377,-0.0254778705882352,0.0010555647058823
1.0,61.7758,11.2377,-0.0239358705882352,0.0016756647058823
1.0,62.0946,10.919,-0.0201530705882352,-0.0018601352941176
