x,ux
-33.82874447145077,-0.0
-33.78889907160218,-0.0
-33.74905367175359,-0.0
-33.709208271905005,-0.0
-33.66936287205642,-0.0
-33.62951747220783,-0.0
-33.58967207235924,-0.0
-33.549826672510655,-0.0
-33.50998127266207,-0.0
-33.47013587281348,-0.0
-33.43029047296489,-0.0
-33.390445073116304,-0.0
-33.350599673267716,-0.0
-33.310754273419136,-0.0
-33.27090887357055,-0.0
-33.23106347372196,-0.0
-33.19121807387337,-0.0
-33.151372674024785,-0.0
-33.1115272741762,-0.0
-33.07168187432761,-0.0
-33.03183647447902,-0.0
-32.991991074630434,-0.0
-32.952145674781846,-0.0
-32.91230027493326,-0.0
-32.87245487508467,-0.0
-32.83260947523608,-0.0
-32.792764075387495,-0.0
-32.75291867553891,-0.0
-32.71307327569032,-0.0
-32.67322787584173,-0.0
-32.633382475993145,-0.0
-32.59353707614456,-0.0
-32.55369167629597,-0.0
-32.51384627644738,-0.0
-32.474000876598794,-0.0
-32.434155476750206,-0.0
-32.39431007690162,-0.0
-32.35446467705303,-0.0
-32.31461927720444,-0.0
-32.274773877355855,-0.0
-32.23492847750727,-0.0
-32.19508307765868,-0.0
-32.15523767781009,-0.0
-32.115392277961504,-0.0
-32.07554687811292,-0.0
-32.035701478264336,-0.0
-31.995856078415745,-0.0
-31.956010678567157,-0.0
-31.91616527871857,-0.0
-31.87631987886998,-0.0
-31.83647447902139,-0.0
-31.796629079172806,-0.0
-31.75678367932422,-0.0
-31.71693827947563,-0.0
-31.677092879627047,-0.0
-31.63724747977846,-0.0
-31.59740207992987,-0.0
-31.557556680081284,-0.0
-31.517711280232696,-0.0
-31.47786588038411,-0.0
-31.43802048053552,-0.0
-31.398175080686933,-0.0
-31.358329680838345,-0.0
-31.318484280989757,-0.0
-31.27863888114117,-0.0
-31.238793481292586,-0.0
-31.19894808144399,-0.0
-31.159102681595407,-0.0
-31.11925728174682,-0.0
-31.079411881898235,-0.0
-31.039566482049647,-0.0
-30.99972108220106,-0.0
-30.95987568235247,-0.0
-30.920030282503884,-0.0
-30.880184882655296,-0.0
-30.84033948280671,-0.0
-30.80049408295812,-0.0
-30.760648683109533,-0.0
-30.720803283260945,-0.0
-30.68095788341236,0.0365896501052739
-30.64111248356377,0.035446185926509
-30.601267083715182,0.0343812703479346
-30.561421683866595,0.0333415674604761
-30.521576284018007,0.0322693440964303
-30.481730884169423,0.0311595570050829
-30.441885484320835,0.0301040089054962
-30.402040084472247,0.0292782249910373
-30.36219468462366,0.0288415236536248
-30.322349284775072,0.0285173110318477
-30.282503884926484,0.0283401862955769
-30.242658485077897,0.0282646865642844
-30.20281308522931,0.0281455746485407
-30.16296768538072,0.0279937166339739
-30.123122285532133,0.0277926070665445
-30.083276885683546,0.0275606775016952
-30.04343148583496,0.027346556062426
-30.00358608598637,0.0271864509613954
-29.963740686137783,0.0270769481779289
-29.923895286289195,0.0269929662380531
-29.884049886440607,0.0268812876843672
-29.844204486592023,0.0268062323695051
-29.804359086743435,0.0267470676880896
-29.764513686894848,0.0266848945122817
-29.72466828704626,0.0266288164024272
-29.684822887197672,0.0266281359732633
-29.644977487349085,0.0266848945122817
-29.605132087500497,0.026715013002671
-29.56528668765191,0.0268210299225933
-29.52544128780332,0.0268885313456241
-29.485595887954737,0.0269423265146972
-29.445750488106142,0.0269445477062351
-29.40590508825756,0.0269448908895307
-29.36605968840897,0.0269458738306136
-29.326214288560383,0.0269532825523483
-29.286368888711795,0.0269706492302118
-29.246523488863208,0.0270170900050095
-29.206678089014623,0.0270997027741592
-29.166832689166036,0.0272036184385743
-29.126987289317448,0.0273206469110926
-29.08714188946886,0.0273945453182531
-29.047296489620273,0.0274192224534302
-29.007451089771685,0.0274434792187573
-28.967605689923097,0.0274942685652801
-28.92776029007451,0.0276717810155509
-28.88791489022592,0.0280139899793524
-28.848069490377338,0.0284262588035909
-28.808224090528743,0.0288517585907352
-28.76837869068016,0.0292749962180934
-28.72853329083157,0.0296854309710514
-28.688687890982983,0.0300440569212262
-28.648842491134396,0.0302692860994129
-28.608997091285808,0.0304259866796527
-28.569151691437224,0.0304746991141201
-28.529306291588636,0.03056264606792
-28.48946089174005,0.0306354086452458
-28.44961549189146,0.0307144577705542
-28.409770092042873,0.0307855828054417
-28.369924692194285,0.0309390154257178
-28.330079292345697,0.0310803879437439
-28.29023389249711,0.0312381495422351
-28.25038849264852,0.0314126724978806
-28.210543092799934,0.0316062670636272
-28.170697692951347,0.0317916258240219
-28.13085229310276,0.0318821454650534
-28.09100689325417,0.0319116550722772
-28.051161493405584,0.0319275406589107
-28.011316093556996,0.031933650271561
-27.97147069370841,0.0319409248074397
-27.931625293859824,0.032005573890415
-27.891779894011236,0.0321722814105585
-27.85193449416265,0.0323898275578711
-27.81208909431406,0.0326350801157486
-27.772243694465473,0.0328473977646162
-27.732398294616885,0.0331166624658178
-27.692552894768298,0.0334220742241768
-27.65270749491971,0.0337407383201796
-27.61286209507112,0.0340661413961223
-27.573016695222535,0.0344512144285402
-27.533171295373947,0.0349021560914925
-27.49332589552536,0.0352802478969384
-27.45348049567677,0.0355031460411829
-27.413635095828184,0.0356217889001731
-27.373789695979596,0.0356541787533606
-27.333944296131012,0.0356579490196706
-27.294098896282424,0.0356742330076732
-27.254253496433837,0.0356987106452944
-27.21440809658525,0.0358530018175522
-27.17456269673666,0.0360178449855361
-27.134717296888073,0.0361846534419431
-27.09487189703949,0.0363490085534062
-27.055026497190894,0.0366204249782467
-27.01518109734231,0.0368315919537114
-26.975335697493723,0.037059579660603
-26.935490297645135,0.0373033846737146
-26.895644897796547,0.0375884369939999
-26.85579949794796,0.0378423783829294
-26.815954098099372,0.0380222040548606
-26.776108698250784,0.0381320476466518
-26.736263298402196,0.038221378614746
-26.696417898553612,0.038284687026646
-26.656572498705025,0.0383713366525897
-26.616727098856437,0.0384297371871168
-26.57688169900785,0.038467286664593
-26.53703629915926,0.0385508060788853
-26.497190899310674,0.0385874827545544
-26.45734549946209,0.0387340766461127
-26.4175000996135,0.0389159186683413
-26.37765469976491,0.0391290022453254
-26.337809299916323,0.0393628062559607
-26.297963900067735,0.0396074876333359
-26.258118500219148,0.039833088494469
-26.21827310037056,0.0400617091311065
-26.178427700521972,0.0402848352725578
-26.138582300673384,0.0404805411874381
-26.098736900824797,0.0406068848895842
-26.058891500976213,0.040626945081324
-26.019046101127625,0.0406494419932113
-25.979200701279037,0.0406573625211758
-25.93935530143045,0.0406568352776352
-25.89950990158186,0.0406553627956748
-25.85966450173327,0.0406540660615612
-25.819819101884686,0.0406474505801084
-25.7799737020361,0.0406374816397392
-25.74012830218751,0.0406106646557777
-25.700282902338923,0.0405818087592953
-25.660437502490336,0.0405552815217841
-25.620592102641748,0.0405232455392612
-25.58074670279316,0.0404794202011714
-25.540901302944572,0.0403980845726253
-25.501055903095985,0.0403184304234791
-25.461210503247397,0.0403144262225351
-25.421365103398813,0.040291874686317
-25.381519703550225,0.0402691830268156
-25.341674303701637,0.0402166914198974
-25.30182890385305,0.0401760212306535
-25.261983504004466,0.0401950993719246
-25.22213810415587,0.0402515073058633
-25.182292704307287,0.040539834711025
-25.1424473044587,0.041229355263615
-25.10260190461011,0.0422130610871011
-25.062756504761524,0.0433523322547351
-25.022911104912936,0.044498006343926
-24.983065705064348,0.0455168237372556
-24.94322030521576,0.0462910975015224
-24.903374905367173,0.0467087076353239
-24.863529505518585,0.0471507870943483
-24.82368410567,0.0472279617738708
-24.783838705821413,0.0474273762058175
-24.743993305972825,0.0472226133393952
-24.70414790612424,0.0470591060925447
-24.66430250627565,0.0467093702522061
-24.624457106427062,0.0464373220851052
-24.584611706578475,0.0460352727606661
-24.544766306729887,0.0456636871880115
-24.5049209068813,0.045313552352561
-24.46507550703271,0.0450273754835527
-24.425230107184124,0.0448158415750834
-24.385384707335536,0.0447558474350798
-24.34553930748695,0.0447219209757174
-24.30569390763836,0.0447219209757174
-24.265848507789773,0.0449591900689015
-24.226003107941185,0.0453666044526125
-24.1861577080926,0.046144642545762
-24.146312308244013,0.0470410943132095
-24.106466908395426,0.0479295281788854
-24.06662150854684,0.048789395894529
-24.02677610869825,0.0496199398444221
-23.986930708849663,0.0504055754694933
-23.947085309001075,0.0511340550447909
-23.907239909152487,0.0517995123921824
-23.8673945093039,0.0523783213011158
-23.827549109455312,0.0529238877423071
-23.787703709606724,0.0534744701220475
-23.747858309758136,0.0540483248416753
-23.70801290990955,0.0545893455885565
-23.66816751006096,0.0550815440585661
-23.628322110212373,0.055325467820223
-23.588476710363786,0.055325467820223
-23.5486313105152,0.0552682405213224
-23.508785910666617,0.0553288117792557
-23.468940510818022,0.0553348560802061
-23.42909511096944,0.0554120616343504
-23.38924971112085,0.0560414265489152
-23.349404311272263,0.0567955724347714
-23.309558911423675,0.0572317097165942
-23.269713511575087,0.0572317097165942
-23.2298681117265,0.0572317097165942
-23.190022711877912,0.0569744029938939
-23.150177312029324,0.0566326874302977
-23.110331912180737,0.0565639011480078
-23.07048651233215,0.0565265571055148
-23.03064111248356,0.0565265571055148
-22.990795712634977,0.0565681357211295
-22.950950312786382,0.0566791442361491
-22.9111049129378,0.0568997719082095
-22.871259513089218,0.0572974536611562
-22.831414113240623,0.0577106154744547
-22.79156871339204,0.0580846211424604
-22.75172331354345,0.0585076105853592
-22.711877913694863,0.0589433797466919
-22.672032513846275,0.0590689373334688
-22.632187113997688,0.0589876492043408
-22.5923417141491,0.0589433797466919
-22.552496314300512,0.0586127956717224
-22.512650914451925,0.0584445099834132
-22.472805514603337,0.0583128985958022
-22.43296011475475,0.0580289161999092
-22.39311471490616,0.0577418582166956
-22.353269315057577,0.0576438407925204
-22.31342391520899,0.0577418582166956
-22.2735785153604,0.0580182882051142
-22.233733115511814,0.0586387944782075
-22.193887715663227,0.05948962067962
-22.15404231581464,0.060705014414666
-22.11419691596605,0.0622673628991223
-22.074351516117463,0.0641170377385042
-22.034506116268876,0.066087997592007
-21.994660716420288,0.0680237936263065
-21.9548153165717,0.069799283874534
-21.914969916723113,0.0713437607029384
-21.875124516874525,0.0726146551330379
-21.835279117025937,0.0735641780003041
-21.79543371717735,0.0742870098947922
-21.75558831732876,0.0749775136853364
-21.715742917480178,0.0755166795799417
-21.67589751763159,0.0758194598705392
-21.636052117783,0.0758514649784403
-21.596206717934415,0.0758824345990272
-21.556361318085827,0.0758824345990272
-21.51651591823724,0.0758824345990272
-21.47667051838865,0.075893858209075
-21.436825118540064,0.0760119275125919
-21.396979718691476,0.0760860076050266
-21.35713431884289,0.0760860076050266
-21.3172889189943,0.075583207264902
-21.277443519145713,0.0754779723041498
-21.237598119297125,0.0750929752708008
-21.197752719448538,0.0750271553271699
-21.15790731959995,0.0746082769589057
-21.11806191975136,0.0741058898637184
-21.078216519902774,0.0734573375592209
-21.03837112005419,0.0728686487713273
-20.998525720205603,0.0724178080446383
-20.958680320357015,0.0721770477442255
-20.918834920508427,0.0720625361471227
-20.87898952065984,0.072116333988038
-20.839144120811252,0.0721551552624333
-20.799298720962664,0.0721834031663644
-20.759453321114076,0.0723697101338924
-20.71960792126549,0.0726182555889282
-20.6797625214169,0.0732933410683642
-20.639917121568313,0.0743192619996673
-20.60007172171973,0.0756385250871958
-20.560226321871134,0.0771453538768314
-20.52038092202255,0.0786243005080551
-20.48053552217396,0.0798238460622593
-20.440690122325375,0.0805483071867876
-20.40084472247679,0.0806841745222584
-20.360999322628203,0.0808407848536039
-20.321153922779615,0.0818108844687816
-20.281308522931027,0.0831586947065751
-20.24146312308244,0.0846868269852187
-20.201617723233852,0.0858024173179698
-20.161772323385264,0.0862045236417105
-20.121926923536677,0.086246627125895
-20.08208152368809,0.0862045236417105
-20.0422361238395,0.0860735772459526
-20.002390723990914,0.0855234579855385
-19.96254532414233,0.0853277746328819
-19.922699924293735,0.0849874270525264
-19.88285452444515,0.0852406417003593
-19.843009124596563,0.0853757870446753
-19.803163724747975,0.0854252291889529
-19.76331832489939,0.0854661499376272
-19.723472925050803,0.0854252291889529
-19.683627525202215,0.0852735255474948
-19.643782125353628,0.084653947888025
-19.60393672550504,0.0838331056942743
-19.564091325656452,0.0831262763537367
-19.524245925807865,0.0825941783725414
-19.484400525959277,0.0825654222248369
-19.44455512611069,0.0826685672111937
-19.4047097262621,0.0827886314902699
-19.36486432641351,0.0832401324588701
-19.32501892656493,0.0846353186162547
-19.28517352671634,0.0862070743604613
-19.24532812686775,0.088404212193027
-19.205482727019163,0.0907577133599641
-19.16563732717058,0.092864360051149
-19.12579192732199,0.0947418125502231
-19.085946527473403,0.0960296880222855
-19.046101127624816,0.0963946925505654
-19.006255727776228,0.0966612022855184
-18.96641032792764,0.0978354258999452
-18.926564928079053,0.0991821056515884
-18.886719528230465,0.1004936358338538
-18.846874128381877,0.1014822554721401
-18.80702872853329,0.1021036808589732
-18.767183328684705,0.1021741604955176
-18.72733792883611,0.1021025123732885
-18.687492528987526,0.102012681473819
-18.64764712913894,0.1015843697211246
-18.60780172929035,0.1008667485127996
-18.567956329441763,0.1000329437278554
-18.52811092959318,0.0997945346486375
-18.48826552974459,0.0997945346486375
-18.448420129896004,0.1000514542510805
-18.408574730047416,0.1014144358030081
-18.36872933019883,0.1034168117716278
-18.32888393035024,0.1056668592059907
-18.289038530501653,0.1075045451922497
-18.249193130653065,0.1088082807200085
-18.20934773080448,0.1092047963622414
-18.16950233095589,0.1095579260360018
-18.129656931107306,0.1099728524526818
-18.08981153125871,0.1104029121839615
-18.049966131410127,0.1108507651972534
-18.01012073156154,0.1113260728741944
-17.97027533171295,0.11177674735292
-17.930429931864364,0.1122780752110843
-17.89058453201578,0.1128120731690027
-17.85073913216719,0.1132819754121664
-17.810893732318604,0.1135206694878928
-17.771048332470016,0.1135206694878928
-17.73120293262143,0.1133309663119722
-17.69135753277284,0.1131040140923947
-17.651512132924253,0.1123411164387576
-17.611666733075666,0.111220719164897
-17.571821333227078,0.1101073613047955
-17.53197593337849,0.1095071966574943
-17.492130533529902,0.1091973104539523
-17.452285133681315,0.1093083545935354
-17.412439733832727,0.1095071966574943
-17.37259433398414,0.1100954769503924
-17.33274893413555,0.1112064598395899
-17.292903534286964,0.1129786536282028
-17.25305813443838,0.1147440455001469
-17.213212734589792,0.1158742371540152
-17.173367334741204,0.1166987605526669
-17.133521934892617,0.1174099693395514
-17.09367653504403,0.1177746603716719
-17.05383113519544,0.1179447367880426
-17.013985735346854,0.1177746603716719
-16.974140335498266,0.1175245094363051
-16.934294935649678,0.117488523877169
-16.89444953580109,0.1172196961706138
-16.854604135952503,0.1160251998045513
-16.814758736103915,0.1151780476831271
-16.774913336255327,0.1133040341419219
-16.73506793640674,0.1110722549837519
-16.695222536558152,0.1093613829438779
-16.655377136709568,0.1093365027486886
-16.61553173686098,0.1094818129684733
-16.575686337012392,0.1106335313586147
-16.535840937163805,0.1114752495466107
-16.495995537315217,0.1139475942575794
-16.45615013746663,0.1167226812596111
-16.41630473761804,0.1192442733672432
-16.376459337769454,0.1211478410463767
-16.336613937920866,0.1224925305724025
-16.29676853807228,0.1234900563515785
-16.25692313822369,0.1245932873357456
-16.217077738375103,0.1262552539747664
-16.177232338526515,0.1277521031366637
-16.137386938677928,0.129256466706501
-16.09754153882934,0.1305999592471912
-16.057696138980752,0.1316267921673214
-16.017850739132168,0.132082435085178
-15.97800533928358,0.1323663771065657
-15.93815993943499,0.132576875527721
-15.898314539586403,0.1333922315386836
-15.858469139737815,0.1358289801857445
-15.81862373988923,0.1381763349279823
-15.778778340040642,0.1403186631820275
-15.738932940192054,0.1417935011135875
-15.699087540343466,0.1421118707131982
-15.65924214049488,0.1422028985980032
-15.619396740646293,0.1422028985980032
-15.579551340797703,0.141588322627257
-15.539705940949116,0.140073718182882
-15.49986054110053,0.1387705146486058
-15.460015141251942,0.1375993594965868
-15.420169741403354,0.1367146733349973
-15.380324341554768,0.1364463966216918
-15.34047894170618,0.1363248266110625
-15.300633541857591,0.1367146733349973
-15.260788142009003,0.1380728241961064
-15.220942742160418,0.1410587801147543
-15.18109734231183,0.1438852234876122
-15.141251942463242,0.1465656156497632
-15.101406542614654,0.1486318593359308
-15.061561142766068,0.1497375222903036
-15.02171574291748,0.1503157897058709
-14.981870343068891,0.1511839840695036
-14.942024943220304,0.1517142390732775
-14.902179543371718,0.1520701997123553
-14.86233414352313,0.1521388838708963
-14.822488743674542,0.1522693742722407
-14.782643343825956,0.1525158107531138
-14.742797943977369,0.1530787833560599
-14.70295254412878,0.1534048288616321
-14.663107144280191,0.1530221545498271
-14.623261744431604,0.152689953119672
-14.583416344583018,0.1520070634858458
-14.54357094473443,0.1517034662052573
-14.503725544885842,0.1502514184944913
-14.463880145037256,0.1476661391671
-14.424034745188669,0.1444984504748849
-14.38418934534008,0.141607626390764
-14.344343945491492,0.1393955974906308
-14.304498545642904,0.1383585616954974
-14.264653145794318,0.1364519160540725
-14.22480774594573,0.1347380705506268
-14.184962346097144,0.1327171128096549
-14.145116946248557,0.1300376516360982
-14.105271546399967,0.1285253841630927
-14.06542614655138,0.12755590204035
-14.025580746702792,0.1271823761164669
-13.985735346854206,0.1270622025887291
-13.945889947005618,0.1271823761164669
-13.90604454715703,0.1274863723921672
-13.866199147308444,0.1277396487892436
-13.826353747459857,0.1284781792414066
-13.786508347611267,0.1298522709072227
-13.74666294776268,0.1316638322135388
-13.706817547914092,0.1335053086533605
-13.666972148065506,0.1349424700465008
-13.627126748216918,0.1355062121400197
-13.58728134836833,0.1355538635562357
-13.547435948519745,0.1354783774810259
-13.507590548671155,0.1352538667315377
-13.467745148822567,0.134395504747447
-13.42789974897398,0.1334856818938106
-13.388054349125392,0.1327124863663341
-13.348208949276806,0.1323905638102512
-13.308363549428218,0.1322642248580468
-13.26851814957963,0.1322551714689611
-13.228672749731045,0.1322642248580468
-13.188827349882455,0.1324204789437568
-13.148981950033868,0.1329485014748809
-13.10913655018528,0.1338195648033656
-13.069291150336692,0.1347117083735934
-13.029445750488106,0.1352875913183731
-12.98960035063952,0.1355633444400842
-12.94975495079093,0.1358980158399793
-12.909909550942343,0.1360270622590141
-12.870064151093755,0.1364099170686077
-12.830218751245168,0.1359905922058137
-12.79037335139658,0.1356467534182294
-12.750527951547992,0.1344742207830862
-12.710682551699406,0.1327137403509714
-12.67083715185082,0.131385058128838
-12.630991752002233,0.1305995982516138
-12.591146352153643,0.1301432048429515
-12.551300952305056,0.129927300988019
-12.511455552456468,0.1298653807466123
-12.47161015260788,0.1298241227520696
-12.431764752759292,0.1297281739275517
-12.391919352910708,0.1294502643322599
-12.35207395306212,0.1282355522138633
-12.312228553213531,0.1266286469002788
-12.272383153364943,0.1239908427163766
-12.232537753516356,0.1196427554853846
-12.192692353667768,0.1147666837228029
-12.15284695381918,0.1105317496055568
-12.113001553970593,0.1075112141105479
-12.073156154122008,0.1056621092641829
-12.03331075427342,0.1042108595436406
-11.993465354424831,0.1025959648279353
-11.953619954576244,0.101214463252899
-11.913774554727656,0.1000188791501625
-11.873929154879068,0.0993166477532948
-11.83408375503048,0.0986092959191583
-11.794238355181893,0.0974459211718206
-11.754392955333309,0.0960707417693305
-11.71454755548472,0.0932862213828684
-11.674702155636131,0.0890796064186804
-11.634856755787544,0.0824433677201433
-11.595011355938956,0.0753972517930677
-11.555165956090368,0.0701503425736662
-11.51532055624178,0.0679949947291257
-11.475475156393191,0.0665690716983027
-11.435629756544609,0.0653754113219983
-11.39578435669602,0.0637148411658692
-11.355938956847432,0.0615654948728029
-11.316093556998844,0.058628745976313
-11.276248157150256,0.055278604894347
-11.236402757301668,0.0523977295633425
-11.19655735745308,0.0505193579505286
-11.156711957604497,0.0501459365253653
-11.116866557755907,0.0499585275713379
-11.07702115790732,0.049497329596537
-11.037175758058732,0.0490686805979741
-10.997330358210144,0.0485777527373981
-10.957484958361556,0.0478317197521497
-10.917639558512969,0.0470251796331824
-10.87779415866438,0.0462278187767587
-10.837948758815797,0.0455760412617737
-10.798103358967207,0.0451610507208792
-10.75825795911862,0.0447605095029641
-10.718412559270032,0.0441842133132471
-10.678567159421444,0.0436179585005119
-10.638721759572856,0.0418731350640811
-10.598876359724269,0.0400858495228593
-10.55903095987568,0.0380536676693956
-10.519185560027095,0.0357093338901475
-10.479340160178507,0.0331592504440666
-10.43949476032992,0.0307128000408633
-10.399649360481332,0.0286065179077121
-10.359803960632744,0.0264857870453243
-10.319958560784157,0.0238182535693897
-10.280113160935567,0.020460079742084
-10.24026776108698,0.015036710184522
-10.200422361238395,0.0109466083241662
-10.160576961389808,0.0082099875383796
-10.12073156154122,0.0045230328327631
-10.080886161692632,0.0024719105863407
-10.041040761844044,0.0002084730660216
-10.001195361995457,-0.0020209762456916
-9.961349962146867,-0.0032287201994561
-9.92150456229828,-0.0046659480917818
-9.881659162449695,-0.0061483313059034
-9.841813762601108,-0.0062064943433401
-9.80196836275252,-0.0046659480917818
-9.762122962903932,-0.0041606089077608
-9.722277563055345,-0.0020373564200158
-9.682432163206755,-0.0011615930241123
-9.64258676335817,-0.0010481406640326
-9.602741363509582,-0.00215166139465
-9.562895963660996,-0.002738585579162
-9.523050563812408,-0.0043416624396494
-9.48320516396382,-0.0061676041947886
-9.443359764115232,-0.0088904323370507
-9.403514364266645,-0.0122700325581088
-9.363668964418055,-0.0160675991586039
-9.32382356456947,-0.0201622437445562
-9.283978164720882,-0.0240167217728217
-9.244132764872296,-0.0281028259634035
-9.204287365023708,-0.0348301970454655
-9.16444196517512,-0.0397345167119783
-9.124596565326533,-0.047799780153339
-9.084751165477943,-0.0572886296541533
-9.044905765629355,-0.0651866096449263
-9.00506036578077,-0.0691671938782475
-8.965214965932182,-0.0739653095958793
-8.925369566083596,-0.0765726571529098
-8.885524166235008,-0.0774974898226589
-8.84567876638642,-0.0776412420615307
-8.805833366537833,-0.0779241580954879
-8.765987966689245,-0.0779292595329895
-8.726142566840657,-0.0781959022663131
-8.68629716699207,-0.0791607199462005
-8.646451767143482,-0.080864533572548
-8.606606367294896,-0.0831938765354506
-8.566760967446308,-0.0841164482328993
-8.52691556759772,-0.0860519355209813
-8.487070167749133,-0.0862471866289334
-8.447224767900545,-0.0862471866289334
-8.407379368051958,-0.0862471866289334
-8.36753396820337,-0.0862471866289334
-8.327688568354784,-0.0864872391880169
-8.287843168506196,-0.0870648891111491
-8.247997768657608,-0.0871763322458441
-8.20815236880902,-0.0871763322458441
-8.168306968960433,-0.0877004408249186
-8.128461569111845,-0.0883254761675256
-8.088616169263258,-0.0889169674210858
-8.04877076941467,-0.0896369256007802
-8.008925369566084,-0.0906577260948146
-7.969079969717495,-0.0909445465809378
-7.929234569868909,-0.0913937865772375
-7.889389170020321,-0.0921678845936574
-7.849543770171733,-0.0927891104829346
-7.8096983703231455,-0.0930974957048653
-7.769852970474559,-0.0930974957048653
-7.730007570625971,-0.0928307009734038
-7.690162170777383,-0.092379437501894
-7.650316770928796,-0.0915427827518651
-7.610471371080209,-0.0890773064567505
-7.570625971231621,-0.0854482654166258
-7.530780571383033,-0.0812478158769044
-7.490935171534446,-0.0769268888131695
-7.451089771685859,-0.0738301927512141
-7.411244371837271,-0.0712247831704412
-7.371398971988683,-0.0694223037528617
-7.331553572140096,-0.0684079346800352
-7.291708172291509,-0.0670726405389053
-7.251862772442921,-0.0681954887827387
-7.212017372594333,-0.0691000202012013
-7.172171972745746,-0.071866557307979
-7.132326572897159,-0.0733281049023606
-7.092481173048571,-0.0732090333611223
-7.052635773199984,-0.0729188309164319
-7.012790373351396,-0.0723170227892651
-6.972944973502809,-0.0719493392938056
-6.933099573654221,-0.071754743677823
-6.893254173805634,-0.0716342566539259
-6.853408773957046,-0.071867915791336
-6.813563374108459,-0.0721120912999087
-6.773717974259871,-0.0727772351511409
-6.733872574411284,-0.0735438187596208
-6.694027174562696,-0.0735517036630218
-6.654181774714109,-0.0735438187596208
-6.6143363748655215,-0.0729756782199878
-6.574490975016934,-0.0712665066592811
-6.534645575168346,-0.0700487640780111
-6.494800175319759,-0.0694051469630519
-6.454954775471172,-0.0693653234509351
-6.415109375622584,-0.0700487640780111
-6.375263975773996,-0.0739251820874868
-6.335418575925409,-0.0811524465452871
-6.295573176076822,-0.0903822959691465
-6.255727776228234,-0.0984233774567636
-6.215882376379646,-0.1013648549203232
-6.176036976531059,-0.1013648549203232
-6.136191576682472,-0.1008130161809746
-6.096346176833884,-0.0977572076181009
-6.056500776985296,-0.0945909819079627
-6.0166553771367095,-0.0925708031574473
-5.976809977288122,-0.0916207292969314
-5.936964577439534,-0.0925708031574473
-5.897119177590946,-0.0939043303202247
-5.85727377774236,-0.0979601821314325
-5.817428377893772,-0.1022869706233583
-5.777582978045184,-0.104678024830228
-5.7377375781965965,-0.1084619804724728
-5.69789217834801,-0.1103925753204928
-5.658046778499422,-0.1108664580148914
-5.618201378650834,-0.1101814214073681
-5.578355978802247,-0.1080705757676251
-5.53851057895366,-0.1064620459739423
-5.498665179105072,-0.1013530180653381
-5.458819779256484,-0.0957732804234628
-5.4189743794078975,-0.0901127272716693
-5.37912897955931,-0.0843536888264325
-5.339283579710722,-0.0792523843232077
-5.299438179862134,-0.0760287983157983
-5.259592780013548,-0.0721713040744849
-5.21974738016496,-0.0686329584232387
-5.179901980316372,-0.0663636167252525
-5.1400565804677845,-0.0639630531348835
-5.100211180619198,-0.0623509418850776
-5.06036578077061,-0.06028054674977
-5.020520380922022,-0.0594134733724039
-4.9806749810734345,-0.0565439907768254
-4.940829581224848,-0.0505548224009417
-4.90098418137626,-0.0423674522055275
-4.861138781527672,-0.0333268499631751
-4.821293381679085,-0.0247665903360799
-4.781447981830498,-0.0179055368917788
-4.74160258198191,-0.0131729489963567
-4.701757182133322,-0.0103357398803915
-4.661911782284735,-0.0094624749538789
-4.622066382436148,-0.0091017786228187
-4.58222098258756,-0.008993615322942
-4.5423755827389725,-0.0091017786228187
-4.502530182890385,-0.0107734256432437
-4.462684783041798,-0.0131424757446887
-4.42283938319321,-0.0157725683980659
-4.3829939833446225,-0.0200320858391384
-4.343148583496035,-0.0234180058577718
-4.303303183647448,-0.0259029806640075
-4.26345778379886,-0.0270582567605629
-4.223612383950273,-0.0270582567605629
-4.183766984101685,-0.0263908994364482
-4.143921584253098,-0.0255930612108729
-4.10407618440451,-0.0226947844680554
-4.064230784555923,-0.0206396033963582
-4.024385384707335,-0.0184999968589689
-3.984539984858748,-0.0173022230330589
-3.944694585010161,-0.0190352488015245
-3.9048491851615728,-0.0232723726419441
-3.8650037853129855,-0.0332826422547697
-3.825158385464398,-0.042027745867316
-3.7853129856158105,-0.0539206834153207
-3.745467585767223,-0.0642132895692029
-3.705622185918635,-0.070566089740184
-3.665776786070048,-0.0711072981097667
-3.6259313862214606,-0.0711072981097667
-3.586085986372873,-0.0710418154120041
-3.5462405865242856,-0.0679703510409318
-3.506395186675698,-0.0639087518001365
-3.4665497868271107,-0.0604096311683393
-3.426704386978523,-0.0588428248634964
-3.3868589871299357,-0.0579809004230499
-3.347013587281348,-0.0574356261032798
-3.3071681874327608,-0.0569233733789576
-3.267322787584173,-0.0563563680754167
-3.227477387735586,-0.0544080179449191
-3.187631987886998,-0.0513591062975503
-3.147786588038411,-0.0467187361473561
-3.107941188189823,-0.0409028883980979
-3.068095788341236,-0.0340723343301447
-3.028250388492648,-0.0262847857364616
-2.988404988644061,-0.0177806157972041
-2.948559588795473,-0.0091425782479769
-2.908714188946886,-0.0008278763625205
-2.8688687890982982,0.0070358351730799
-2.829023389249711,0.0146418629593491
-2.7891779894011237,0.0222953858219527
-2.749332589552536,0.0301251740524492
-2.7094871897039488,0.0378727898853539
-2.669641789855361,0.0448493880391011
-2.629796390006774,0.050212972454099
-2.589950990158186,0.0533835966103512
-2.550105590309599,0.0545320517904706
-2.510260190461011,0.0545320517904706
-2.470414790612424,0.0545320517904706
-2.430569390763836,0.0540697589540831
-2.390723990915249,0.053730290112962
-2.350878591066661,0.0534660223505423
-2.311033191218074,0.0528469838094677
-2.2711877913694862,0.0521402328429699
-2.231342391520899,0.051462449396587
-2.1914969916723113,0.0498771515682863
-2.151651591823724,0.0475208669354498
-2.1118061919751363,0.0437722698600224
-2.071960792126549,0.036986618179464
-2.0321153922779613,0.0295140910701599
-1.992269992429374,0.0224940173298974
-1.9524245925807864,0.0197094672191901
-1.912579192732199,0.0189221658489013
-1.8727337928836112,0.0192948643922957
-1.832888393035024,0.0208875275248943
-1.7930429931864365,0.0238756157963248
-1.753197593337849,0.0272580432718083
-1.7133521934892617,0.0290090843820655
-1.673506793640674,0.0301811283669452
-1.6336613937920863,0.0300827748843871
-1.593815993943499,0.0289957780138336
-1.5539705940949116,0.0279244678261004
-1.514125194246324,0.026213147213597
-1.4742797943977366,0.0247537302649875
-1.4344343945491491,0.0236360628717452
-1.394588994700562,0.0229241711322903
-1.3547435948519744,0.0239848709890746
-1.314898195003387,0.026082639890585
-1.2750527951547994,0.0290526858791476
-1.235207395306212,0.0318062431761927
-1.1953619954576244,0.0329458557458941
-1.155516595609037,0.032887121527955
-1.1156711957604497,0.0328534195033431
-1.075825795911862,0.0320989482464731
-1.0359803960632743,0.0315935128761305
-0.9961349962146868,0.031181514798575
-0.9562895963660994,0.03130836793198
-0.916444196517512,0.0315935128761305
-0.8765987966689245,0.0323123655068692
-0.836753396820337,0.0335947714209399
-0.7969079969717495,0.0348621152695381
-0.757062597123162,0.0356856684925755
-0.7172171972745746,0.0361256947892535
-0.6773717974259872,0.0356856684925755
-0.6375263975773997,0.0353647339243886
-0.5976809977288122,0.0351375727073715
-0.5578355978802247,0.0348803966080709
-0.5179901980316373,0.0346965251732049
-0.4781447981830497,0.0346965251732049
-0.4382993983344622,0.0349281632103758
-0.3984539984858747,0.035833741991007
-0.3586085986372873,0.0386755597380113
-0.3187631987886998,0.0422467405494895
-0.2789177989401123,0.0450392717128104
-0.2390723990915248,0.0460324061707851
-0.1992269992429373,0.0463697209132963
-0.1593815993943499,0.0463697209132963
-0.1195361995457624,0.0460012703022348
-0.0796907996971749,0.04580186062023
-0.0398453998485874,0.0457914392479036
0.0,0.0458225751164539
0.0398453998485874,0.0473229843597362
0.0796907996971749,0.0496190991047222
0.1195361995457624,0.053047319730125
0.1593815993943499,0.0569835632566703
0.1992269992429373,0.0595218894092914
0.2390723990915248,0.0617169230176361
0.2789177989401123,0.0642262009011315
0.3187631987886998,0.0649667738282718
0.3586085986372873,0.0658214831071122
0.3984539984858747,0.0643247004444002
0.4382993983344622,0.0616411828205396
0.4781447981830497,0.0595740152706903
0.5179901980316373,0.0527050460483665
0.5578355978802247,0.044220129998227
0.5976809977288122,0.0335124893664886
0.6375263975773997,0.0233001741508261
0.6773717974259872,0.0159463341343453
0.7172171972745746,0.0135828681832381
0.757062597123162,0.0135828681832381
0.7969079969717495,0.0135828681832381
0.836753396820337,0.014401857305941
0.8765987966689245,0.0170685129332552
0.916444196517512,0.0195341536951049
0.9562895963660994,0.0212346330849569
0.9961349962146868,0.0217084500223487
1.0359803960632743,0.0220494610220668
1.075825795911862,0.0221467486390208
1.1156711957604497,0.0226183224535028
1.155516595609037,0.0235138210412215
1.1953619954576244,0.0249592638094681
1.235207395306212,0.0271639599869354
1.2750527951547994,0.0301712247382759
1.314898195003387,0.0340179710487637
1.3547435948519744,0.0383853109813883
1.394588994700562,0.0425941892928477
1.4344343945491491,0.0461264383937835
1.4742797943977366,0.0488572939377009
1.514125194246324,0.0515440438969617
1.5539705940949116,0.0538528813610799
1.593815993943499,0.0548856897080044
1.6336613937920863,0.0563699325243438
1.673506793640674,0.0568724834925236
1.7133521934892617,0.0563588366602808
1.753197593337849,0.0545660209993093
1.7930429931864365,0.0518308810078813
1.832888393035024,0.0508941473589326
1.8727337928836112,0.0508941473589326
1.912579192732199,0.0533568734377405
1.9524245925807864,0.0581188753478074
1.992269992429374,0.064434960843585
2.0321153922779613,0.067926947062787
2.071960792126549,0.0711246743869946
2.1118061919751363,0.0718830595959143
2.151651591823724,0.0717089409790651
2.1914969916723113,0.0711950400249356
2.231342391520899,0.069859071392069
2.2711877913694862,0.0667566896497697
2.311033191218074,0.0618989716623334
2.350878591066661,0.0572377017681848
2.390723990915249,0.0537164867820685
2.430569390763836,0.0529359454695863
2.470414790612424,0.0529359454695863
2.510260190461011,0.0534523140184849
2.550105590309599,0.0557272820225425
2.589950990158186,0.0578623238658545
2.629796390006774,0.0585854835063274
2.669641789855361,0.0592722657174652
2.7094871897039488,0.0604157999578717
2.749332589552536,0.0615465402300188
2.7891779894011237,0.0630870936064899
2.829023389249711,0.0656025345394809
2.8688687890982982,0.0679380476767918
2.908714188946886,0.0708885690295535
2.948559588795473,0.073960076150102
2.988404988644061,0.0757066725023126
3.028250388492648,0.0768040610580561
3.068095788341236,0.0768403743631769
3.107941188189823,0.0768449818067305
3.147786588038411,0.0767510517074809
3.187631987886998,0.0760260395897029
3.227477387735586,0.0753986530259011
3.267322787584173,0.0753986530259011
3.3071681874327608,0.0756505471899114
3.347013587281348,0.0764885271737046
3.3868589871299357,0.0798337591908123
3.426704386978523,0.0839393191430389
3.4665497868271107,0.0873043821671942
3.506395186675698,0.0889715072430181
3.5462405865242856,0.0895236974780605
3.586085986372873,0.090058113430858
3.6259313862214606,0.0912653776404999
3.665776786070048,0.0913661049064765
3.705622185918635,0.0920426248683384
3.745467585767223,0.0927085002106091
3.7853129856158105,0.0927689052205791
3.825158385464398,0.0928321744454592
3.8650037853129855,0.0934971282990191
3.9048491851615728,0.09457199263071
3.944694585010161,0.0958212890754093
3.984539984858748,0.0959823786018796
4.024385384707335,0.0960322767405708
4.064230784555923,0.0959823786018796
4.10407618440451,0.0953177524943045
4.143921584253098,0.0936501619241833
4.183766984101685,0.0911097267973996
4.223612383950273,0.0883242659224596
4.26345778379886,0.0862674983701986
4.303303183647448,0.0855400780319241
4.343148583496035,0.0855488416745595
4.3829939833446225,0.0856780400917321
4.42283938319321,0.0862029609108558
4.462684783041798,0.0884288596410677
4.502530182890385,0.0924935843435726
4.5423755827389725,0.0976640052500429
4.58222098258756,0.1016402717862608
4.622066382436148,0.1024124080767141
4.661911782284735,0.1033129875435925
4.701757182133322,0.1033129875435925
4.74160258198191,0.1026926261437244
4.781447981830498,0.1025427274801533
4.821293381679085,0.1026926261437244
4.861138781527672,0.1030161256804876
4.90098418137626,0.1045999082773516
4.940829581224848,0.1072621651616804
4.9806749810734345,0.1098561843819982
5.020520380922022,0.1119023643139696
5.06036578077061,0.1129863390340479
5.100211180619198,0.1129863390340479
5.1400565804677845,0.112872691926354
5.179901980316372,0.1114605152271228
5.21974738016496,0.1087546158774638
5.259592780013548,0.1083199297028632
5.299438179862134,0.1080361776791478
5.339283579710722,0.1083199297028632
5.37912897955931,0.1085043794431443
5.4189743794078975,0.1088738584166072
5.458819779256484,0.1095768783038149
5.498665179105072,0.1088529111732347
5.53851057895366,0.1081841858658794
5.578355978802247,0.1073482056075872
5.618201378650834,0.1056735186244052
5.658046778499422,0.1038188373463578
5.69789217834801,0.1020193503921172
5.7377375781965965,0.1002652776315012
5.777582978045184,0.0981853208633344
5.817428377893772,0.0956574493326323
5.85727377774236,0.0927406668165316
5.897119177590946,0.089667183720191
5.936964577439534,0.0868801553644544
5.976809977288122,0.0844326195995479
6.0166553771367095,0.0824570713022588
6.056500776985296,0.0811931165371405
6.096346176833884,0.0805393867960725
6.136191576682472,0.0801981034771809
6.176036976531059,0.0798157616613024
6.215882376379646,0.0793089381204666
6.255727776228234,0.0786211560465783
6.295573176076822,0.0778868007932644
6.335418575925409,0.0772521990678564
6.375263975773996,0.0764339503423328
6.415109375622584,0.0758574024057
6.454954775471172,0.0756986973500172
6.494800175319759,0.0756986973500172
6.534645575168346,0.0756986973500172
6.574490975016934,0.0757069812485301
6.6143363748655215,0.0764767615678467
6.654181774714109,0.0771660873728225
6.694027174562696,0.0779107499998594
6.733872574411284,0.0779107499998594
6.773717974259871,0.0772844844223241
6.813563374108459,0.0770472818283254
6.853408773957046,0.0761653316332172
6.893254173805634,0.0752868013962106
6.933099573654221,0.0739516687531022
6.972944973502809,0.0723408447375263
7.012790373351396,0.0700088228074441
7.052635773199984,0.0671378202304871
7.092481173048571,0.0641562817577204
7.132326572897159,0.0618170090414686
7.172171972745746,0.0607411899714743
7.212017372594333,0.0604957747280899
7.251862772442921,0.0601610439539221
7.291708172291509,0.0600495960692853
7.331553572140096,0.0596441149118901
7.371398971988683,0.058551659170714
7.411244371837271,0.0568423973611129
7.451089771685859,0.0547612222328724
7.490935171534446,0.0521799162318033
7.530780571383033,0.0497980959118079
7.570625971231621,0.0478595544111435
7.610471371080209,0.0459851964991572
7.650316770928796,0.0438768398289215
7.690162170777383,0.0416480305718668
7.730007570625971,0.0395578210543079
7.769852970474559,0.0377882919830492
7.8096983703231455,0.0363771780832975
7.849543770171733,0.0355582049916482
7.889389170020321,0.0347956137092577
7.929234569868909,0.0338331615003906
7.969079969717495,0.0325927070723665
8.008925369566084,0.0311613026086973
8.04877076941467,0.0301574047825861
8.088616169263258,0.030102971636954
8.128461569111845,0.0300901770749519
8.168306968960433,0.0301316844414395
8.20815236880902,0.030177451911986
8.247997768657608,0.0307286880024677
8.287843168506196,0.0310029567673637
8.327688568354784,0.0311087065030593
8.36753396820337,0.0312709615465007
8.407379368051958,0.0314888692831334
8.447224767900545,0.0318609345999106
8.487070167749133,0.0324634516558922
8.52691556759772,0.0332489697199036
8.566760967446308,0.0341059292836754
8.606606367294896,0.0347451918894823
8.646451767143482,0.0352496915212887
8.68629716699207,0.0367470382395904
8.726142566840657,0.0382483036598836
8.765987966689245,0.0398025713058393
8.805833366537833,0.0424077469519781
8.84567876638642,0.0456010307056246
8.885524166235008,0.0502268019096725
8.925369566083596,0.051823991217289
8.965214965932182,0.0515378072233681
9.00506036578077,0.0511813407154877
9.044905765629355,0.0502268019096725
9.084751165477943,0.0482633588390805
9.124596565326533,0.0462258974252974
9.16444196517512,0.0449436292595391
9.204287365023708,0.0437851968266524
9.244132764872296,0.0432000277456384
9.283978164720882,0.0427283513992094
9.32382356456947,0.0424861898659633
9.363668964418055,0.0420843732886729
9.403514364266645,0.0419839761436519
9.443359764115232,0.0419839761436519
9.48320516396382,0.0420221015515724
9.523050563812408,0.042277498797666
9.562895963660996,0.0434180381997627
9.602741363509582,0.0458774203195378
9.64258676335817,0.0499461895974921
9.682432163206755,0.0535573589815648
9.722277563055345,0.0570642196435379
9.762122962903932,0.0596767517620516
9.80196836275252,0.0621760025183907
9.841813762601108,0.0645072692077254
9.881659162449695,0.0665345681210107
9.92150456229828,0.0687869620266267
9.961349962146867,0.0713400272486774
10.001195361995457,0.0735677214568927
10.041040761844044,0.074828189764724
10.080886161692632,0.0757213640723241
10.12073156154122,0.0758065495287055
10.160576961389808,0.0756878437329864
10.200422361238395,0.0752620446995082
10.24026776108698,0.0750130385001171
10.280113160935567,0.0752620446995082
10.319958560784157,0.0756288684555005
10.359803960632744,0.076204732400513
10.399649360481332,0.0767201580859628
10.43949476032992,0.0774507466354232
10.479340160178507,0.0775892121890628
10.519185560027095,0.0788293317461895
10.55903095987568,0.0804687456615066
10.598876359724269,0.0824838134746368
10.638721759572856,0.0843888061363126
10.678567159421444,0.0860915225261026
10.718412559270032,0.0876501494311524
10.75825795911862,0.0882516393122181
10.798103358967207,0.0886696674408986
10.837948758815797,0.0889824226092925
10.87779415866438,0.0891879478413749
10.917639558512969,0.0896058952210447
10.957484958361556,0.0900226741150298
10.997330358210144,0.0900952674756787
11.037175758058732,0.0900996326722001
11.07702115790732,0.0900797684155598
11.116866557755907,0.0899699877604975
11.156711957604497,0.089481864740559
11.19655735745308,0.0887156658773655
11.236402757301668,0.0883228504398009
11.276248157150256,0.0883228504398009
11.316093556998844,0.0886541588808961
11.355938956847432,0.0914394772575818
11.39578435669602,0.095352094573575
11.435629756544609,0.0981219946391526
11.475475156393191,0.10012289337587
11.51532055624178,0.1009165421527709
11.555165956090368,0.1015223924804162
11.595011355938956,0.101285816878736
11.634856755787544,0.1007266537291198
11.674702155636131,0.1006213570191242
11.71454755548472,0.1015850537127449
11.754392955333309,0.1024913331097927
11.794238355181893,0.1041912422839743
11.83408375503048,0.1058395100908212
11.873929154879068,0.1080487460251713
11.913774554727656,0.110181298898976
11.953619954576244,0.1118043445148234
11.993465354424831,0.1128020887913226
12.03331075427342,0.1131537934825406
12.073156154122008,0.1134987437565079
12.113001553970593,0.1138707021995944
12.15284695381918,0.1140271842825112
12.192692353667768,0.1142622494026964
12.232537753516356,0.1147571268398856
12.272383153364943,0.1160688137702306
12.312228553213531,0.1182776317097017
12.35207395306212,0.120269215810534
12.391919352910708,0.1217033087412665
12.431764752759292,0.1231615408762663
12.47161015260788,0.1242343057336781
12.511455552456468,0.1250440663131911
12.551300952305056,0.1256960528256157
12.591146352153643,0.1262617708949267
12.630991752002233,0.1266805067649366
12.67083715185082,0.1269739866694743
12.710682551699406,0.1275808202350738
12.750527951547992,0.1283031058862541
12.79037335139658,0.1286419857345909
12.830218751245168,0.1288207450445863
12.870064151093755,0.1290905702389212
12.909909550942343,0.1302422411296445
12.94975495079093,0.1313671318484553
12.98960035063952,0.1330089207346764
13.029445750488106,0.1353732042695172
13.069291150336692,0.1374090578279984
13.10913655018528,0.1387414735043927
13.148981950033868,0.1399006303034052
13.188827349882455,0.1411220588395181
13.228672749731045,0.142400135181631
13.26851814957963,0.1437627224883886
13.308363549428218,0.1451711752332424
13.348208949276806,0.1466588095080326
13.388054349125392,0.1480870125109234
13.42789974897398,0.1494515947932403
13.467745148822567,0.1507868889343701
13.507590548671155,0.1520158603780738
13.547435948519745,0.1532738444663397
13.58728134836833,0.1548496186613157
13.627126748216918,0.1566568480207031
13.666972148065506,0.158312430737934
13.706817547914092,0.1598804055284616
13.74666294776268,0.1618437749749555
13.786508347611267,0.1637532610815815
13.826353747459857,0.1654425113863463
13.866199147308444,0.1666887821181141
13.90604454715703,0.1678156108131825
13.945889947005618,0.1689181293060785
13.985735346854206,0.1699227799979663
14.025580746702792,0.1709985278188334
14.06542614655138,0.1722730607043577
14.105271546399967,0.1739338968572281
14.145116946248557,0.1758235472068647
14.184962346097144,0.1774271560608345
14.22480774594573,0.1783174946531753
14.264653145794318,0.1785656601128665
14.304498545642904,0.1789563713262103
14.344343945491492,0.1795300502979912
14.38418934534008,0.1804278462989703
14.424034745188669,0.1808311733577557
14.463880145037256,0.1811242257675307
14.503725544885842,0.1812006523312185
14.54357094473443,0.18135909139016
14.583416344583018,0.1815320082717318
14.623261744431604,0.1815574679598217
14.663107144280191,0.1815577719560974
14.70295254412878,0.1815577719560974
14.742797943977369,0.1814091747765817
14.782643343825956,0.1808268604105942
14.822488743674542,0.1802250997828454
14.86233414352313,0.1798698801346896
14.902179543371718,0.1796965832577733
14.942024943220304,0.179719971971235
14.981870343068891,0.1797406152183317
15.02171574291748,0.1801905297063682
15.061561142766068,0.180466681823191
15.101406542614654,0.1806995809699119
15.141251942463242,0.1810408452890363
15.18109734231183,0.1814973716960692
15.220942742160418,0.1817548945411218
15.260788142009003,0.1818475184063742
15.300633541857591,0.1818802360055465
15.34047894170618,0.1819557980798252
15.380324341554768,0.1821137241450515
15.420169741403354,0.1822569823899753
15.460015141251942,0.1825678565814133
15.49986054110053,0.1829028984767695
15.539705940949116,0.1833435220786298
15.579551340797703,0.1838690556402467
15.619396740646293,0.1844788911690686
15.65924214049488,0.1851602418217491
15.699087540343466,0.1858895478869213
15.738932940192054,0.1866184169574472
15.778778340040642,0.1873142644325252
15.81862373988923,0.1879302558859301
15.858469139737815,0.1885423143875182
15.898314539586403,0.1891010595422553
15.93815993943499,0.1895639888708451
15.97800533928358,0.1897523715629432
16.017850739132168,0.1897797312277562
16.057696138980752,0.189805266914915
16.09754153882934,0.1897688823606671
16.137386938677928,0.189294097177325
16.177232338526515,0.188791724331963
16.217077738375103,0.1880225947546741
16.25692313822369,0.1878513688523859
16.29676853807228,0.1875510395317612
16.336613937920866,0.1874193901446158
16.376459337769454,0.1874193901446158
16.41630473761804,0.1873826065952561
16.45615013746663,0.1872442692900452
16.495995537315217,0.1871114229175642
16.535840937163805,0.1871114229175642
16.575686337012392,0.1871114229175642
16.61553173686098,0.1873687367651772
16.655377136709568,0.1878529838326006
16.695222536558152,0.1880354385973224
16.73506793640674,0.1884859990774447
16.774913336255327,0.1888932780878142
16.814758736103915,0.189198224351876
16.854604135952503,0.1893759861740918
16.89444953580109,0.1894708330121102
16.934294935649678,0.1894953237120713
16.974140335498266,0.1894953237120713
17.013985735346854,0.1894953237120713
17.05383113519544,0.1894920747518748
17.09367653504403,0.1894515292486033
17.133521934892617,0.1893510774792516
17.173367334741204,0.1891293501956626
17.213212734589792,0.1890201395336173
17.25305813443838,0.1887813884585892
17.292903534286964,0.1886630389085057
17.33274893413555,0.1884855620827984
17.37259433398414,0.1880920199041371
17.412439733832727,0.1877628299370882
17.452285133681315,0.1869237432168537
17.492130533529902,0.1860398170459535
17.53197593337849,0.1852153411467198
17.571821333227078,0.1844185669081094
17.611666733075666,0.1835714622861033
17.651512132924253,0.1826940150358289
17.69135753277284,0.1819576790567811
17.73120293262143,0.1814697650342822
17.771048332470016,0.1811907724522583
17.810893732318604,0.1811445080190501
17.85073913216719,0.1811597268326024
17.89058453201578,0.1811883689817035
17.930429931864364,0.18130951149757
17.97027533171295,0.1814405623920477
18.01012073156154,0.1815395511793226
18.049966131410127,0.1816788194731278
18.08981153125871,0.1818303046172627
18.129656931107306,0.1818303046172627
18.16950233095589,0.1817696003609588
18.20934773080448,0.1813117344703361
18.249193130653065,0.1808674154137493
18.289038530501653,0.1805652906151213
18.32888393035024,0.1804331662337951
18.36872933019883,0.1803621641036518
18.408574730047416,0.1803218275978198
18.448420129896004,0.1802514144604607
18.48826552974459,0.1801851907717762
18.52811092959318,0.1800779465856393
18.567956329441763,0.1798985792830925
18.60780172929035,0.1796354515067067
18.64764712913894,0.1792708744731895
18.687492528987526,0.1787801199854894
18.72733792883611,0.1781660000091568
18.767183328684705,0.177482654380917
18.80702872853329,0.1766152485076244
18.846874128381877,0.1756813339491386
18.886719528230465,0.174649865085804
18.926564928079053,0.1735617959158873
18.96641032792764,0.1724883090673207
19.006255727776228,0.1714950297361209
19.046101127624816,0.1706491410992176
19.085946527473403,0.1700228517719733
19.12579192732199,0.1696742345429304
19.16563732717058,0.1694678400714972
19.205482727019163,0.1694234376154777
19.24532812686775,0.1693685662877138
19.28517352671634,0.1693073205380438
19.32501892656493,0.1692308654747052
19.36486432641351,0.16915699437971
19.4047097262621,0.1690789623356912
19.44455512611069,0.1688681219187258
19.484400525959277,0.168583144410024
19.524245925807865,0.1682187478742955
19.564091325656452,0.1679069806937977
19.60393672550504,0.1676914283345589
19.643782125353628,0.1675076625858981
19.683627525202215,0.1673634448527292
19.723472925050803,0.1672942572003565
19.76331832489939,0.1672485152607472
19.803163724747975,0.1672070577686486
19.843009124596563,0.1671678517489669
19.88285452444515,0.1669953528622742
19.922699924293735,0.1666602349678491
19.96254532414233,0.1661146186522688
20.002390723990914,0.1653261378120548
20.0422361238395,0.1642834685859373
20.08208152368809,0.1632426803367757
20.121926923536677,0.1621133436724328
20.161772323385264,0.1610851522689455
20.201617723233852,0.1602545964441978
20.24146312308244,0.1595853296434764
20.281308522931027,0.158905213975666
20.321153922779615,0.1581691914927775
20.360999322628203,0.1573566664471324
20.40084472247679,0.1566743468063231
20.440690122325375,0.1562102964914666
20.48053552217396,0.1557308373653855
20.52038092202255,0.1553232733585076
20.560226321871134,0.1553232733585076
20.60007172171973,0.1554947842573043
20.639917121568313,0.1561749474245328
20.6797625214169,0.1567406749937274
20.71960792126549,0.1570464002482458
20.759453321114076,0.1571280422480385
20.799298720962664,0.1570198195738892
20.839144120811252,0.1566986950080299
20.87898952065984,0.1564477365825557
20.918834920508427,0.1560096019502027
20.958680320357015,0.1555646654011809
20.998525720205603,0.1551762151601376
21.03837112005419,0.1549041194936186
21.078216519902774,0.1547705036305647
21.11806191975136,0.1547019144708599
21.15790731959995,0.1544010816564036
21.197752719448538,0.1539141746215679
21.237598119297125,0.1532525457272734
21.277443519145713,0.1524465566015558
21.3172889189943,0.1515614999445053
21.35713431884289,0.1504555424937405
21.396979718691476,0.1491961239230486
21.436825118540064,0.1478772170811557
21.47667051838865,0.1466271463959417
21.51651591823724,0.1456783835193647
21.556361318085827,0.1451781386479327
21.596206717934415,0.1444493075769413
21.636052117783,0.1441681775211038
21.67589751763159,0.1440057770106945
21.715742917480178,0.1439705989416659
21.75558831732876,0.1438578353231483
21.79543371717735,0.1436261141619957
21.835279117025937,0.1433195624176029
21.875124516874525,0.1430245340320357
21.914969916723113,0.1427709726384509
21.9548153165717,0.1425616712026312
21.994660716420288,0.1423821709017138
22.034506116268876,0.1421660010500401
22.074351516117463,0.1419047257509593
22.11419691596605,0.1414564547427884
22.15404231581464,0.1407988727989142
22.193887715663227,0.140083085068127
22.233733115511814,0.1393137939928166
22.2735785153604,0.1386318353475847
22.31342391520899,0.138015938893016
22.353269315057577,0.1371091655020201
22.39311471490616,0.1360935804440907
22.43296011475475,0.1349287142150254
22.472805514603337,0.133739081789374
22.512650914451925,0.1325329100663478
22.552496314300512,0.1318265082205729
22.5923417141491,0.1315060581464503
22.632187113997688,0.1314608102007891
22.672032513846275,0.1314401954533431
22.711877913694863,0.1314608102007891
22.75172331354345,0.1314173482332475
22.79156871339204,0.1313867491081216
22.831414113240623,0.1313225963940652
22.871259513089218,0.1311947944597841
22.9111049129378,0.1310195311069593
22.950950312786382,0.1307744341096759
22.990795712634977,0.1305108788385274
23.03064111248356,0.1302563674565809
23.07048651233215,0.1300345071746214
23.110331912180737,0.1297312233901923
23.150177312029324,0.1293227283947201
23.190022711877912,0.1287769410812347
23.2298681117265,0.1280707577327829
23.269713511575087,0.1271471315482529
23.309558911423675,0.1260722862163292
23.349404311272263,0.1250263110307135
23.38924971112085,0.1241303390073886
23.42909511096944,0.1236557723213696
23.468940510818022,0.1234107133236207
23.508785910666617,0.1231942679753221
23.5486313105152,0.1230945856965433
23.588476710363786,0.1230499457434334
23.628322110212373,0.1229573313780646
23.66816751006096,0.1228507046843627
23.70801290990955,0.1227439164926394
23.747858309758136,0.1225418729679021
23.787703709606724,0.1222686468152328
23.827549109455312,0.1215759438016317
23.8673945093039,0.120854408641257
23.907239909152487,0.1198322306640984
23.947085309001075,0.1182314812750969
23.986930708849663,0.1168410023100438
24.02677610869825,0.1161677930576219
24.06662150854684,0.1160025520820116
24.106466908395426,0.1159544541712656
24.146312308244013,0.1159050167769299
24.1861577080926,0.1158896364653562
24.226003107941185,0.1158635022855296
24.265848507789773,0.1158220732930818
24.30569390763836,0.115751603156421
24.34553930748695,0.1155521341001435
24.385384707335536,0.1152437013787948
24.425230107184124,0.1147834985168026
24.46507550703271,0.1141801324087229
24.5049209068813,0.1134743765550338
24.544766306729887,0.1126949776035564
24.584611706578475,0.1118457260078532
24.624457106427062,0.1109089519843991
24.66430250627565,0.1098710327000894
24.70414790612424,0.1088424708011411
24.743993305972825,0.1080312472395513
24.783838705821413,0.1074538823129275
24.82368410567,0.1071515200172092
24.863529505518585,0.1069686567574918
24.903374905367173,0.1068682619874418
24.94322030521576,0.1068305284497205
24.983065705064348,0.1068160981265084
25.022911104912936,0.1067728071568719
25.062756504761524,0.1067498554380565
25.10260190461011,0.1067454474920589
25.1424473044587,0.1067454474920589
25.182292704307287,0.1067336961360263
25.22213810415587,0.1067115709070855
25.261983504004466,0.1066039562254876
25.30182890385305,0.1065368775472776
25.341674303701637,0.1063103338226956
25.381519703550225,0.106126045580436
25.421365103398813,0.1059054487829973
25.461210503247397,0.1056387015509539
25.501055903095985,0.1050994216577452
25.540901302944572,0.1044544175597782
25.58074670279316,0.1039481972615519
25.620592102641748,0.1037013142861488
25.660437502490336,0.1035951340869769
25.700282902338923,0.1035438347154524
25.74012830218751,0.1033911905855164
25.7799737020361,0.1030849143377484
25.819819101884686,0.1027057834825321
25.85966450173327,0.1023739620477216
25.89950990158186,0.102074174220463
25.93935530143045,0.1016723766429398
25.979200701279037,0.1011371626999186
26.019046101127625,0.100487945403568
26.058891500976213,0.0997396680708154
26.098736900824797,0.0989112212202304
26.138582300673384,0.098140571661563
26.178427700521972,0.0974488471359742
26.21827310037056,0.0968058190137992
26.258118500219148,0.0961785226988916
26.297963900067735,0.0954324303393706
26.337809299916323,0.0944146888078605
26.37765469976491,0.0931954879944555
26.4175000996135,0.0919916057433807
26.45734549946209,0.0909179811465016
26.497190899310674,0.0899235618292679
26.53703629915926,0.0890396546581349
26.57688169900785,0.0882913820753241
26.616727098856437,0.0876623995310748
26.656572498705025,0.0870562309573284
26.696417898553612,0.0864857676961514
26.736263298402196,0.0859670028016107
26.776108698250784,0.0854192300124496
26.815954098099372,0.0848302087286295
26.85579949794796,0.0841893845794533
26.895644897796547,0.0834713073767147
26.935490297645135,0.0826132161393072
26.975335697493723,0.0816695357004646
27.01518109734231,0.0808766041647767
27.055026497190894,0.0800932485117733
27.09487189703949,0.079671605677377
27.134717296888073,0.0793742118207896
27.17456269673666,0.0790731272594175
27.21440809658525,0.0788708129879972
27.254253496433837,0.0786118224109259
27.294098896282424,0.0783439826922667
27.333944296131012,0.0780337307432056
27.373789695979596,0.0777879165047092
27.413635095828184,0.0775605320404272
27.45348049567677,0.0771025094017249
27.49332589552536,0.0764992810419575
27.533171295373947,0.0757662605222916
27.573016695222535,0.0749152609480031
27.61286209507112,0.0739984699297346
27.65270749491971,0.0731109575527694
27.692552894768298,0.0723056144191377
27.732398294616885,0.0715764081027434
27.772243694465473,0.0709149739560631
27.81208909431406,0.0703165382875799
27.85193449416265,0.0697622058287822
27.891779894011236,0.06921248556348
27.931625293859824,0.0687728926989919
27.97147069370841,0.0683568072965108
28.011316093556996,0.0678704275052158
28.051161493405584,0.0672810689755273
28.09100689325417,0.06655075117275
28.13085229310276,0.0657207938406701
28.170697692951347,0.0648334572115518
28.210543092799934,0.0640381554549018
28.25038849264852,0.0633496418899751
28.29023389249711,0.0627365859006074
28.330079292345697,0.0621738032953337
28.369924692194285,0.0615807208112679
28.409770092042873,0.0609426421284566
28.44961549189146,0.0602795787517362
28.48946089174005,0.0596115706855939
28.529306291588636,0.0589386678044186
28.569151691437224,0.0582519972169133
28.608997091285808,0.0575717438007904
28.648842491134396,0.0569775830799342
28.688687890982983,0.0565526627856905
28.72853329083157,0.0562803676216156
28.76837869068016,0.0560584622152089
28.808224090528743,0.0557978352831849
28.848069490377338,0.0554559938461309
28.88791489022592,0.0550487552102668
28.92776029007451,0.054605027521435
28.967605689923097,0.0541078036129928
29.007451089771685,0.0535740740267865
29.047296489620273,0.0530536110280495
29.08714188946886,0.0525555725045872
29.126987289317448,0.0520522306710964
29.166832689166036,0.051546335743884
29.206678089014623,0.0510506484416165
29.246523488863208,0.0505799220835492
29.286368888711795,0.050048859589668
29.326214288560383,0.0494446266172083
29.36605968840897,0.0487471451621485
29.40590508825756,0.047947580332726
29.445750488106142,0.0470544487746022
29.485595887954737,0.0461083506153794
29.52544128780332,0.045186759780914
29.56528668765191,0.0443737549911463
29.605132087500497,0.0437953094527612
29.644977487349085,0.0434141764970729
29.684822887197672,0.04316471905321
29.72466828704626,0.0429673043467644
29.764513686894848,0.0427741954625676
29.804359086743435,0.0425516179393951
29.844204486592023,0.0422886421611471
29.884049886440607,0.0419987674624415
29.923895286289195,0.0416338757452795
29.963740686137783,0.0412354660637507
30.00358608598637,0.0408491806086864
30.04343148583496,0.0405196913953035
30.083276885683546,0.0402206243717143
30.123122285532133,0.0399841188316758
30.16296768538072,0.0398171025653148
30.20281308522931,0.0397050538130393
30.242658485077897,0.0395999197885506
30.282503884926484,0.0394815975506324
30.322349284775072,0.0393629689414676
30.36219468462366,0.0392061697999352
30.402040084472247,0.0391114903973655
30.441885484320835,0.0390049670148979
30.481730884169423,0.0389451189356049
30.521576284018007,0.0388828602608444
30.561421683866595,0.0388504739701132
30.601267083715182,0.0387756683240674
30.64111248356377,0.0386805994262694
30.68095788341236,0.0385717165102088
30.720803283260945,0.0384538039547715
30.760648683109533,0.0383611777145482
30.80049408295812,0.0382933616078725
30.84033948280671,0.0382338650242733
30.880184882655296,0.0381735752003921
30.920030282503884,0.0380881736216585
30.95987568235247,0.0379374710304364
30.99972108220106,0.0378072015013861
31.039566482049647,0.0376539232542188
31.079411881898235,0.0375398783388985
31.11925728174682,0.0374915061190132
31.159102681595407,0.037444784503906
31.19894808144399,0.0373641981786801
31.238793481292586,0.037311457199817
31.27863888114117,0.037258206789695
31.318484280989757,0.0371685848876651
31.358329680838345,0.0370808190253966
31.398175080686933,0.036948099713859
31.43802048053552,0.0368221941938446
31.47786588038411,0.036807996617781
31.517711280232696,0.0367499309541514
31.557556680081284,0.0367951931496381
31.59740207992987,0.0368169205709525
31.63724747977846,0.0368367587029128
31.677092879627047,0.0368448169791898
31.71693827947563,0.0368605155368646
31.75678367932422,0.036864696673141
31.796629079172806,0.0368705592888173
31.83647447902139,0.036871641088064
31.87631987886998,0.0368716577128603
31.91616527871857,0.0368717135246765
31.956010678567157,0.0368716577128603
31.995856078415745,0.0368703491038923
32.035701478264336,0.036867736635898
32.07554687811292,0.0368606722849443
32.115392277961504,0.0368216420131094
32.15523767781009,0.0367577196712308
32.19508307765868,0.0366726232762583
32.23492847750727,0.0365889958007898
32.274773877355855,0.0365019210550544
32.31461927720444,0.0364066170351369
32.35446467705303,0.0363136226744235
32.39431007690162,0.0362080623426574
32.434155476750206,0.0360893482345401
32.474000876598794,0.0359550139427878
32.51384627644738,0.0358228278122181
32.55369167629597,0.0356793047580385
32.59353707614456,0.0355052348280929
32.633382475993145,0.0353454527231052
32.67322787584173,0.0351955754342723
32.71307327569032,0.0350990946162719
32.75291867553891,0.0350406038328504
32.792764075387495,0.0349981856650212
32.83260947523608,0.0349840664629974
32.87245487508467,0.0349658338113681
32.91230027493326,0.0348952378012494
32.952145674781846,0.0347799709633991
32.991991074630434,0.0346418806551623
33.03183647447902,0.0345046132743436
33.07168187432761,0.0343707777264811
33.1115272741762,0.034231509432676
33.151372674024785,0.034145683921636
33.19121807387337,0.034073266308834
33.23106347372196,0.0339860740020388
33.27090887357055,0.0339247950027761
33.310754273419136,0.0338660774096334
33.350599673267716,0.0338526208244918
33.390445073116304,0.0338347907304307
33.43029047296489,0.0338058623973357
33.47013587281348,0.0337126044148519
33.50998127266207,0.0335178888628386
33.549826672510655,0.0332266521183196
33.58967207235924,0.0329183143958069
33.62951747220783,0.032673008401084
33.66936287205642,0.0324494642647537
33.709208271905005,0.0322233480349343
33.74905367175359,0.0319822326763714
33.78889907160218,0.0317138271208944
33.82874447145077,0.0314204861521545
33.868589871299356,0.0311115867490231
33.908435271147944,0.0308750746778146
33.94828067099653,0.0307224002669996
33.98812607084512,0.0305998458309306
34.02797147069371,0.0304795761168713
34.067816870542295,0.0303453837296305
34.10766227039088,0.0301887941792803
34.14750767023947,0.0300353081221589
34.18735307008806,0.0298502610766954
34.227198469936646,0.0296846418869686
34.26704386978523,0.0295510984605273
34.30688926963382,0.0294379685027478
34.34673466948241,0.0293455085104877
34.386580069330996,0.0292626944625539
34.426425469179584,0.0292626944625539
34.46627086902817,0.0292644875655864
34.50611626887676,0.0292966001409208
34.54596166872535,0.0294625583577441
34.58580706857393,0.0296430009283677
34.625652468422516,0.0297746900962758
34.6654978682711,0.029839204993395
34.70534326811969,0.0298896849999576
34.74518866796828,0.0299166961377904
34.785034067816866,0.0299583121591969
34.824879467665454,0.0299936915070097
34.86472486751404,0.0300166307572278
34.90457026736263,0.0299650737013603
34.94441566721122,0.0299279481561904
34.984261067059805,0.0297973568185827
35.02410646690839,0.0296509434248131
35.06395186675698,0.0295239020749639
35.10379726660557,0.0293951822144284
35.143642666454156,0.0292967877636222
35.18348806630274,0.0292644899405573
35.22333346615133,0.0291932556570082
35.26317886599992,0.0292309862260158
35.30302426584851,0.029269532597529
35.342869665697094,0.0293966748836415
35.38271506554568,0.0295059662946976
35.42256046539427,0.029607025462858
35.46240586524286,0.0296342545042713
35.502251265091445,0.0296943287995429
35.54209666494003,0.0296976549462939
35.58194206478862,0.0296802630343645
35.62178746463721,0.0296041974662542
35.661632864485796,0.0295082011423182
35.70147826433438,0.0293238285885914
35.74132366418297,0.0291320010011973
35.78116906403156,0.0289084040217643
35.82101446388015,0.0287041808674799
35.86085986372873,0.0285469898557484
35.900705263577315,0.0283940512294203
35.9405506634259,0.0282515957246621
35.98039606327449,0.0280781735680305
36.02024146312308,0.0278258762527092
36.060086862971666,0.0274931843910624
36.09993226282025,0.0273308361300131
36.13977766266884,0.0273308361300131
36.17962306251743,0.0273308361300131
36.21946846236602,0.0273812911993812
36.25931386221461,0.0274238542404355
36.29915926206319,0.0274416789908121
36.33900466191178,0.027460831349924
36.37885006176037,0.0274808440422457
36.418695461608955,0.0274904893928292
36.45854086145754,0.0274707646657295
36.49838626130613,0.0274697463969545
36.53823166115472,0.0274498245472698
36.578077061003306,0.0273868979119426
36.617922460851894,0.0273779240843821
36.65776786070048,0.0273476443928428
36.69761326054907,0.027356659782394
36.73745866039766,0.0273868979119426
36.77730406024624,0.0274003301536323
36.81714946009483,0.0274003301536323
36.85699485994342,0.0273544421533125
36.89684025979201,0.0273222975158708
36.936685659640595,0.0272339070362546
36.97653105948918,0.0271374303744533
37.01637645933777,0.0270032314560425
37.05622185918636,0.0268527817992217
37.09606725903494,0.0267084230521553
37.13591265888353,0.0266043803267969
37.175758058732114,0.0264949119804085
37.2156034585807,0.0264218338288239
37.25544885842929,0.0263893189927926
37.29529425827788,0.0263697584355566
37.335139658126465,0.0263836689370122
37.37498505797505,0.0264293203308557
37.41483045782364,0.0265768799449578
37.45467585767223,0.0267563196841172
37.494521257520816,0.0268648689167658
37.53436665736941,0.0269835928216381
37.57421205721799,0.0270623652628362
37.61405745706658,0.0272149084565088
37.65390285691517,0.0274147325709364
37.693748256763755,0.0275822137378518
37.73359365661234,0.0276473188152407
37.77343905646093,0.027741403287599
37.81328445630952,0.0278017275485583
37.853129856158105,0.0278513828464745
37.89297525600669,0.0278853989609884
37.93282065585528,0.0278853989609884
37.97266605570387,0.0278570720892748
38.012511455552456,0.0277421151851274
38.05235685540104,0.0277064110600435
38.09220225524963,0.0276214737881216
38.13204765509822,0.0275195507242949
38.17189305494681,0.0274274926958603
38.211738454795395,0.0273376107345165
38.25158385464398,0.0272655814294573
38.29142925449257,0.0272023062671499
38.33127465434116,0.0271411062356698
38.37112005418974,0.0270965814686488
38.410965454038326,0.0270627963200552
38.450810853886914,0.0270423680078253
38.4906562537355,0.027012159565413
38.53050165358409,0.0269826392708201
38.57034705343268,0.0269531370853804
38.610192453281265,0.0269531370853804
38.65003785312985,0.0269599951107368
38.68988325297844,0.0269600105480477
38.72972865282703,0.0269624175810588
38.769574052675615,0.0269628219198552
38.8094194525242,0.0269600105480477
38.84926485237279,0.0269589002491501
38.88911025222138,0.0269739462835691
38.928955652069966,0.0269963909460965
38.968801051918554,0.0270432503095161
39.00864645176714,0.0270720551441241
39.04849185161573,0.0271403688072041
39.08833725146432,0.0272026251069937
39.128182651312905,0.0273642472206893
39.16802805116149,0.0275543274232408
39.20787345101008,0.0277648187194833
39.24771885085867,0.0277806930250051
39.287564250707256,0.0277806930250051
39.32740965055584,0.0277736927982658
39.36725505040443,0.0276725843494592
39.40710045025302,0.0276113160375656
39.446945850101606,0.0276113160375656
39.486791249950194,0.027618584636017
39.52663664979878,0.0276565473584305
39.56648204964737,0.0277377963005387
39.60632744949595,0.0278039481463534
39.64617284934454,0.0278039481463534
39.686018249193125,0.027793619991635
39.72586364904171,0.0276083479176784
39.7657090488903,0.0273329474791466
39.80555444873889,0.0270584257798493
39.84539984858747,0.0268272615493737
39.885245248436064,0.02664919959021
39.92509064828465,0.0265333704779982
39.96493604813324,0.0265031798478677
40.00478144798183,0.0264758463077347
40.044626847830415,0.0264648032867742
40.084472247679,0.0264872170746798
40.12431764752759,0.026527521815276
40.16416304737618,0.0266182602505021
40.204008447224766,0.0266694714512317
40.24385384707335,0.0266694714512317
40.28369924692194,0.0266587843790355
40.32354464677053,0.026566193169633
40.36339004661912,0.0263814495267025
40.403235446467704,0.0262491286165339
40.44308084631629,0.0261983012704767
40.48292624616488,0.0261983012704767
40.52277164601347,0.0262047113169463
40.562617045862055,0.0262107847112903
40.60246244571064,0.0262403569583717
40.64230784555923,0.0263152608688387
40.68215324540782,0.0264461036564909
40.721998645256406,0.0266262395589965
40.76184404510499,0.0268369692429435
40.80168944495358,0.0270572774814173
40.84153484480217,0.0272489851327808
40.88138024465075,0.0273783581103148
40.92122564449934,0.0274308384361212
40.961071044347925,0.0274308384361212
41.00091644419651,0.0274295422957504
41.0407618440451,0.0273718174404455
41.08060724389369,0.0271875808538029
41.12045264374227,0.027010114121722
41.16029804359086,0.0268692940813025
41.20014344343945,0.0268692940813025
41.23998884328804,0.0269605627287829
41.27983424313663,0.0270116691339213
41.319679642985214,0.027183377155303
41.3595250428338,0.0273308509735812
41.39937044268239,0.0274658864754929
41.43921584253098,0.027582906635613
41.479061242379565,0.0276647237895099
41.51890664222815,0.0276647237895099
41.55875204207674,0.0276486517676605
41.59859744192533,0.0276260646068788
41.63844284177392,0.0275858581307039
41.678288241622504,0.0275498500093442
41.71813364147109,0.0275498500093442
41.75797904131968,0.0275862250637085
41.79782444116827,0.0276386388903296
41.837669841016854,0.0276898106071679
41.87751524086544,0.0277241194368458
41.91736064071403,0.0277241194368458
41.95720604056262,0.0276898693876978
41.997051440411205,0.0276439000446245
42.03689684025979,0.0275345243221013
42.07674224010838,0.027270704241697
42.11658763995697,0.0268890167303026
42.15643303980555,0.0264264409755061
42.19627843965414,0.0259330167236387
42.23612383950272,0.0254940395703575
42.27596923935131,0.025239330175212
42.3158146391999,0.0251823017801246
42.35566003904849,0.025143247164838
42.395505438897075,0.025129856485139
42.43535083874566,0.0251970366933552
42.47519623859425,0.0252827577056754
42.51504163844284,0.0254332115186953
42.554887038291426,0.0255584680779101
42.594732438140014,0.0256442576675152
42.6345778379886,0.0256544216523698
42.67442323783719,0.0256649691950255
42.71426863768578,0.0256810922787494
42.754114037534364,0.0257176374404046
42.79395943738295,0.0258347499275186
42.83380483723154,0.0259818980779116
42.87365023708013,0.0260252169534562
42.913495636928715,0.026071852475868
42.9533410367773,0.0261096427160197
42.99318643662589,0.0260769132419929
43.03303183647448,0.0260486617756055
43.072877236323066,0.0260063970902709
43.112722636171654,0.0259489020134009
43.15256803602024,0.0258112240594872
43.19241343586883,0.0256485412244118
43.23225883571742,0.0252994944225066
43.272104235566005,0.0250162129399016
43.31194963541459,0.0244180088310815
43.35179503526318,0.0236057422119578
43.39164043511176,0.0228165131816912
43.43148583496035,0.022232321957838
43.471331234808936,0.0220153545310966
43.51117663465752,0.0217626919086052
43.55102203450611,0.0216798016946123
43.5908674343547,0.0215784447459204
43.63071283420329,0.0216195864039977
43.670558234051875,0.0216380092388439
43.71040363390046,0.021647377942426
43.75024903374905,0.0216461552034997
43.79009443359764,0.0216435223255992
43.829939833446225,0.0216402580023096
43.86978523329481,0.0216364538184465
43.9096306331434,0.0216098356640803
43.94947603299199,0.02157040995959
43.989321432840576,0.021529593932289
44.02916683268917,0.0215112781937869
44.06901223253775,0.021508369151301
44.10885763238634,0.0215051747041085
44.14870303223493,0.0215112781937869
44.188548432083515,0.0215444914568086
44.2283938319321,0.0216084895751027
44.26823923178069,0.0216737510480365
44.30808463162928,0.0217881317434227
44.347930031477865,0.0219485497909368
44.38777543132645,0.0221095737946502
44.42762083117504,0.0222366909580237
44.46746623102363,0.0222826361060809
44.507311630872216,0.0223273194209643
44.5471570307208,0.0223652167203512
44.58700243056939,0.0225522464583213
44.62684783041798,0.0228364757769705
44.66669323026656,0.0231554842437544
44.70653863011515,0.0234010025015018
44.746384029963735,0.0235537825985221
44.78622942981232,0.0236950599692763
44.82607482966091,0.023802786571378
44.8659202295095,0.0238573062550125
44.905765629358086,0.0238809691291779
44.945611029206674,0.0238819468750119
44.98545642905526,0.0238819468750119
45.02530182890385,0.0238809691291779
45.06514722875244,0.0238675946289682
45.104992628601025,0.0238360251797923
45.14483802844961,0.0237989702900068
45.1846834282982,0.0237520419039953
45.22452882814679,0.0237075342070777
45.264374227995376,0.023628568651058
45.30421962784396,0.0235377135453862
45.34406502769255,0.0234181622600253
45.38391042754114,0.0232796673161207
45.423755827389726,0.0231416635458861
45.463601227238314,0.0230206976684805
45.5034466270869,0.0229524349930571
45.54329202693549,0.0229212158520896
45.58313742678408,0.0229135109269524
45.622982826632665,0.0228927210996201
45.66282822648125,0.0228784357980688
45.70267362632984,0.0228474974974106
45.74251902617843,0.0228369042365651
45.782364426027016,0.0228369042365651
45.8222098258756,0.0228701851491486
45.86205522572419,0.0228858834099521
45.90190062557277,0.0229246742550327
45.94174602542136,0.0229619978876195
45.98159142526995,0.0230132861264679
46.021436825118535,0.0230501907993437
46.06128222496712,0.0231337471741207
46.10112762481571,0.023209608197862
46.1409730246643,0.0232825717571005
46.180818424512886,0.0233746625898207
46.22066382436147,0.0234546290476407
46.26050922421006,0.0235500844719533
46.30035462405865,0.0236263294988026
46.34020002390724,0.0236670865229203
46.380045423755824,0.0236966146846043
46.41989082360441,0.0236966146846043
46.459736223453,0.0236879099709344
46.49958162330159,0.0236878151205339
46.539427023150175,0.0236869117409763
46.57927242299876,0.0236869117409763
46.61911782284735,0.0236869117409763
46.65896322269594,0.0236869117409763
46.698808622544526,0.0236148764984899
46.73865402239311,0.0234985682358982
46.7784994222417,0.0233716969933401
46.81834482209029,0.0232469541700189
46.85819022193888,0.0231973963943454
46.898035621787464,0.0230709608105125
46.93788102163605,0.0230676580423814
46.97772642148464,0.0230676580423814
47.01757182133323,0.0230676580423814
47.057417221181815,0.0230777029076016
47.0972626210304,0.0230847522665514
47.13710802087899,0.023089590898679
47.17695342072757,0.023089590898679
47.21679882057616,0.0230545484998632
47.25664422042475,0.0230296433674793
47.296489620273334,0.0229635481498771
47.33633502012192,0.0228159739148603
47.37618041997051,0.0226599671972136
47.4160258198191,0.0225379142510946
47.455871219667685,0.0224756538693238
47.49571661951627,0.0224611882926372
47.53556201936486,0.0224608544607896
47.57540741921345,0.0224608544607896
47.61525281906203,0.0224608544607896
47.655098218910624,0.0224528897361009
47.69494361875921,0.0224346264325033
47.7347890186078,0.0224083284910111
47.77463441845639,0.0222973867349393
47.814479818304974,0.0220977771935665
47.85432521815356,0.0218456975035088
47.89417061800215,0.021594094913563
47.93401601785074,0.0213827474774186
47.973861417699325,0.021240342960317
48.01370681754791,0.0211609813036811
48.0535522173965,0.0210842957197292
48.09339761724509,0.0210308769093265
48.13324301709368,0.0210095248076328
48.173088416942264,0.0210330389492453
48.21293381679085,0.0210665213632665
48.25277921663944,0.0211110906609919
48.29262461648803,0.0211654705924323
48.332470016336615,0.0211773765442271
48.3723154161852,0.0211686476355411
48.41216081603378,0.0211470648647983
48.45200621588237,0.0209827170266835
48.49185161573096,0.0207178819430892
48.531697015579546,0.0204375797130474
48.571542415428134,0.0201431603590815
48.61138781527672,0.0199557683267217
48.65123321512531,0.0198483691737334
48.6910786149739,0.0197803517882736
48.73092401482248,0.019752065439501
48.77076941467107,0.0197343907575984
48.81061481451966,0.0196725196484023
48.85046021436825,0.0195771123172505
48.890305614216835,0.0194530641729187
48.93015101406542,0.0193132089644289
48.96999641391401,0.0192013784126052
49.0098418137626,0.0191901062069525
49.049687213611186,0.0191901062069525
49.089532613459774,0.019210777063086
49.12937801330836,0.019295374120426
49.16922341315695,0.0193378489906856
49.20906881300554,0.0193417757082038
49.248914212854125,0.0193322226846142
49.28875961270271,0.0192768068947706
49.3286050125513,0.0191490916469274
49.36845041239989,0.0189906359631896
49.408295812248475,0.0188225408662955
49.44814121209706,0.0186887979422982
49.48798661194565,0.01862382586328
49.52783201179424,0.0186102068895029
49.567677411642826,0.0186071627705468
49.607522811491414,0.0186024252973362
49.64736821134,0.018575457205851
49.68721361118858,0.0185395927702311
49.72705901103717,0.018434872287551
49.76690441088576,0.0182742491459919
49.806749810734345,0.0181052925284024
49.84659521058293,0.0179697757980113
49.88644061043152,0.0178878119896611
49.92628601028011,0.017843373909078
49.966131410128696,0.0177926347338156
50.00597680997728,0.0177754185697331
50.04582220982587,0.0177479371876613
50.08566760967446,0.017712763571703
50.12551300952305,0.017708638247243
50.165358409371635,0.0177209316903843
50.20520380922022,0.0177209316903843
50.24504920906881,0.0177019550791194
50.2848946089174,0.017690192441975
50.324740008765986,0.0176688025634003
50.36458540861457,0.0176480375990447
50.40443080846316,0.0176181797617122
50.44427620831175,0.017594732564592
50.484121608160336,0.0175696671216721
50.52396700800893,0.0175229220537273
50.56381240785751,0.017512207966237
50.6036578077061,0.0175123023713305
50.64350320755469,0.0175277085107128
50.683348607403275,0.0175868954574804
50.72319400725186,0.0176852676429344
50.76303940710045,0.0177694113777031
50.80288480694904,0.0177924441424005
50.842730206797626,0.0177993342298641
50.88257560664621,0.0177993342298641
50.922421006494794,0.017778253097507
50.96226640634338,0.017721508808314
51.00211180619197,0.0176186191313294
51.04195720604056,0.0174320188548947
51.081802605889145,0.0171317313931323
51.12164800573773,0.0168437578586352
51.16149340558632,0.0166554814464851
51.20133880543491,0.0165366675895899
51.241184205283496,0.0164745710065935
51.28102960513208,0.0163375025295881
51.32087500498067,0.0161025341894672
51.36072040482926,0.015853998234315
51.400565804677846,0.0156594352741823
51.440411204526434,0.0154845709164693
51.48025660437502,0.0154015270901005
51.52010200422361,0.0153458874592492
51.5599474040722,0.0153083308568602
51.599792803920785,0.0153083308568602
51.63963820376937,0.0153421581611873
51.67948360361796,0.0153878668512039
51.71932900346655,0.0154402907714514
51.759174403315136,0.0155767221625118
51.79901980316372,0.0157566553018765
51.83886520301231,0.0159279287035827
51.8787106028609,0.0160602953319412
51.91855600270949,0.0161831787014803
51.958401402558074,0.016253267655311
51.99824680240666,0.016253267655311
52.03809220225525,0.016253267655311
52.07793760210384,0.016227829935702
52.117783001952425,0.0161042423872898
52.15762840180101,0.0159165021248213
52.19747380164959,0.0156527728870541
52.23731920149818,0.0153058602933774
52.27716460134677,0.0148888718082101
52.31701000119536,0.0144615907928879
52.356855401043944,0.0141134497455112
52.39670080089253,0.0139195102152408
52.43654620074112,0.0139195102152408
52.47639160058971,0.0139195102152408
52.516237000438295,0.0140394854329081
52.55608240028688,0.0142099442195943
52.59592780013547,0.0143960510958237
52.63577319998406,0.0146020738843105
52.675618599832646,0.0148393495086645
52.71546399968123,0.0151158917144583
52.75530939952982,0.0153971417063264
52.79515479937841,0.0156674217075894
52.835000199227,0.0158614271433024
52.874845599075584,0.0158698832272058
52.91469099892417,0.0158846573274563
52.95453639877276,0.0158846573274563
52.99438179862135,0.01585543687294
53.034227198469935,0.0158511162071231
53.07407259831852,0.0158569675416876
53.11391799816711,0.0158697971345105
53.1537633980157,0.0159191234989565
53.193608797864286,0.0159713455466771
53.233454197712874,0.0159862241456474
53.27329959756146,0.0159501026194271
53.31314499741005,0.0158908750012827
53.35299039725864,0.0158595259790938
53.392835797107224,0.0158401854035378
53.43268119695581,0.0158401854035378
53.47252659680439,0.0158670427620047
53.51237199665298,0.0158947996407014
53.55221739650157,0.0159364637552687
53.59206279635016,0.0159643132578306
53.631908196198744,0.0159918314519515
53.67175359604733,0.0160144025816795
53.71159899589592,0.0160304472913636
53.75144439574451,0.0160356520400995
53.791289795593094,0.0160359999733369
53.83113519544168,0.0160377984200539
53.87098059529027,0.0160411500977421
53.91082599513886,0.0160531068887578
53.950671394987445,0.0160733909215053
53.99051679483603,0.0160961781735856
54.03036219468462,0.0161203025342848
54.07020759453321,0.0161569578352157
54.11005299438179,0.0162148394386003
54.149898394230384,0.0162922510214705
54.18974379407897,0.0163541831377317
54.22958919392756,0.0164090995899428
54.26943459377615,0.0164480449565678
54.309279993624735,0.0164906163100204
54.34912539347332,0.0165438524703169
54.38897079332191,0.0165921403787352
54.4288161931705,0.0166026347814168
54.468661593019085,0.0166026347814168
54.50850699286767,0.0165946667540342
54.54835239271626,0.0165560604145057
54.58819779256485,0.0164551864940759
54.62804319241344,0.0163591676079163
54.667888592262024,0.0162395320110882
54.707733992110605,0.0161251450999579
54.74757939195919,0.0161037798617063
54.78742479180778,0.0161037798617063
54.82727019165637,0.0161037798617063
54.867115591504955,0.0162596925453488
54.90696099135354,0.016588444330266
54.94680639120213,0.0170090341619377
54.98665179105072,0.0174716657285505
55.026497190899306,0.0178869397815966
55.066342590747894,0.0182176313239995
55.10618799059648,0.0184137335621494
55.14603339044507,0.0184244345872996
55.18587879029366,0.0184638154642142
55.225724190142245,0.0184638154642142
55.26556958999083,0.0184070405972708
55.30541498983942,0.0182957610386968
55.34526038968801,0.0181526711198358
55.385105789536595,0.0180535674433435
55.42495118938518,0.0180092519706333
55.46479658923377,0.0179653147120397
55.50464198908236,0.0179653147120397
55.544487388930946,0.0180149361666205
55.584332788779534,0.0180525375965853
55.62417818862812,0.0181444448143674
55.66402358847671,0.0182742990203809
55.7038689883253,0.0184510651360452
55.743714388173885,0.0186382193744431
55.78355978802247,0.0187937879841759
55.82340518787106,0.0188693577771101
55.86325058771965,0.0188693577771101
55.90309598756824,0.0188683341646505
55.94294138741682,0.0187842370386859
55.98278678726541,0.0185556220426043
56.02263218711399,0.0182537534439625
56.06247758696258,0.0179901144550896
56.10232298681117,0.0177611114481366
56.142168386659755,0.0175615560022925
56.18201378650834,0.0173427502297868
56.22185918635693,0.017134435000635
56.26170458620552,0.016972901651477
56.301549986054106,0.0168942527087659
56.34139538590269,0.0168926988840521
56.38124078575128,0.0168926988840521
56.42108618559987,0.0168942527087659
56.460931585448456,0.0169196126480779
56.50077698529704,0.0169196126480779
56.54062238514563,0.0167932054154601
56.58046778499422,0.0164690616678392
56.62031318484281,0.0161220148883065
56.660158584691395,0.0158570571968392
56.70000398453998,0.0158071839953426
56.73984938438857,0.0158071839953426
56.77969478423716,0.0158377439334486
56.819540184085746,0.0159015546516948
56.85938558393433,0.0159868190758588
56.89923098378292,0.0160536751005465
56.93907638363151,0.0161192824842816
56.9789217834801,0.0161260000894833
57.01876718332869,0.0161192824842816
57.05861258317727,0.0160381653530586
57.09845798302586,0.0159463679776807
57.13830338287445,0.0159249783959774
57.178148782723035,0.0159104162618801
57.217994182571616,0.0159076713892579
57.2578395824202,0.0159242445299681
57.29768498226879,0.0160008486227309
57.33753038211738,0.0162251141564733
57.377375781965966,0.0164739618265567
57.417221181814554,0.0168373579057919
57.45706658166314,0.017084417519656
57.49691198151173,0.0172299076434867
57.53675738136032,0.0172429759208854
57.576602781208905,0.0172672694982615
57.61644818105749,0.0172375568310254
57.65629358090608,0.0171223232427678
57.69613898075467,0.0169862032697671
57.735984380603256,0.0167960636929429
57.77582978045184,0.0167724642008135
57.81567518030043,0.0167035763885175
57.85552058014902,0.0166008535532389
57.89536597999761,0.0165156271286094
57.935211379846194,0.0165925542174152
57.97505677969478,0.0166478607585972
58.01490217954337,0.0168258149534562
58.05474757939196,0.0169751566863503
58.094592979240545,0.0171451986656429
58.13443837908913,0.0172702203996096
58.17428377893772,0.0173751385986175
58.21412917878631,0.0174978984696696
58.253974578634896,0.0176236038983853
58.29381997848349,0.0176913353967225
58.33366537833207,0.0177538734274356
58.37351077818066,0.0178345274393323
58.41335617802925,0.0178375380118244
58.453201577877834,0.0178147074165251
58.493046977726415,0.0177638533520452
58.532892377575,0.0177165887592151
58.57273777742359,0.017637465416066
58.61258317727218,0.0175746287327617
58.652428577120766,0.0174702505427631
58.692273976969354,0.0173620836804301
58.73211937681794,0.0169571544068987
58.77196477666653,0.0164621980019269
58.81181017651512,0.0159229092025773
58.851655576363704,0.0154309232924636
58.89150097621229,0.0150368776199708
58.93134637606088,0.0147591028042778
58.97119177590947,0.0145799634989378
59.011037175758055,0.0144991996446368
59.05088257560664,0.0144678096541998
59.09072797545523,0.0144553588692361
59.13057337530382,0.0144452978987444
59.170418775152406,0.0144678096541998
59.210264175000994,0.0145190276829708
59.25010957484958,0.0146156919674735
59.28995497469817,0.0146884503886002
59.32980037454676,0.01471393620137
59.369645774395345,0.0147219309471753
59.40949117424393,0.0147219309471753
59.44933657409252,0.0147219309471753
59.48918197394111,0.0147741470574686
59.529027373789695,0.0148240541023006
59.56887277363828,0.0150100024492221
59.60871817348687,0.0151930307694173
59.64856357333546,0.015468604580825
59.688408973184046,0.0157016788816501
59.72825437303263,0.0158503746224583
59.768099772881214,0.0158673895077567
59.8079451727298,0.0158673895077567
59.84779057257839,0.015733569397205
59.88763597242698,0.0154644086009806
59.927481372275565,0.0150958119292085
59.96732677212415,0.0146553670439087
60.00717217197274,0.014314049287939
60.04701757182133,0.0140853146526981
60.08686297166992,0.0140244162425228
60.126708371518504,0.0139355501749831
60.16655377136709,0.0140048126389392
60.20639917121568,0.0140251358587067
60.24624457106427,0.0140533796064387
60.286089970912855,0.0140709805158075
60.32593537076144,0.0140818650074602
60.36578077061003,0.0140818650074602
60.40562617045862,0.0140572223093612
60.445471570307205,0.0140416383440325
60.48531697015579,0.0140119909884963
60.52516237000438,0.0139371164682942
60.56500776985297,0.0138457946808398
60.60485316970155,0.0137033688632179
60.644698569550144,0.0134694443228092
60.68454396939873,0.0130238344695362
60.72438936924732,0.0124190291290886
60.76423476909591,0.0116568243732128
60.804080168944495,0.0108000108701515
60.84392556879308,0.0099674149453974
60.88377096864167,0.0093140355125377
60.92361636849026,0.0089829918806983
60.963461768338846,0.0089770045790495
61.003307168187426,0.0089770045790495
61.043152568036014,0.0090428055229132
61.0829979678846,0.0091900465940428
61.12284336773319,0.0093375928489336
61.16268876758178,0.0093375928489336
61.202534167430365,0.0093375928489336
61.24237956727895,0.0091881299925234
61.28222496712754,0.0088127789035006
61.32207036697613,0.0084138111038094
61.361915766824715,0.0081207978810542
61.4017611666733,0.0079976556396866
61.44160656652189,0.0079779077566206
61.48145196637048,0.0079778614446879
61.521297366219066,0.0079779077566206
61.561142766067654,0.0079976556396866
61.60098816591624,0.0079579093141242
61.64083356576483,0.0079237976070314
61.68067896561342,0.0078670702395061
61.720524365462005,0.0078219576671863
61.76036976531059,0.007860412008577
61.80021516515918,0.0079066633794451
61.84006056500777,0.0080099247393762
61.87990596485635,0.0080604759950659
61.91975136470494,0.0080761496155462
61.95959676455353,0.0080604759950659
61.99944216440212,0.0079006368907765
62.03928756425071,0.0076009606871504
62.079132964099294,0.0072555698560804
62.11897836394788,0.0068904038297791
62.15882376379647,0.0064959769744561
62.19866916364506,0.0060662533015593
62.23851456349364,0.005626838559889
62.278359963342226,0.0052223762650116
62.31820536319081,0.0048987983542086
62.3580507630394,0.0046939286140957
62.39789616288799,0.0045229235841015
62.437741562736576,0.0044149859064607
62.47758696258517,0.0042896776916287
62.51743236243375,0.0040903345088091
62.55727776228234,0.0037393814958822
62.59712316213093,0.0032059784681753
62.636968561979515,0.002569494578326
62.6768139618281,0.0019936033211481
62.71665936167669,0.0016231767342946
62.75650476152528,0.0015144291915755
62.796350161373866,0.0014785837557228
62.83619556122245,0.001468568503421
62.87604096107104,0.0014657351631327
62.91588636091963,0.001415183907443
62.95573176076822,0.0013435927845156
62.9955771606168,0.0012020231439045
63.03542256046539,0.0008526482991432
63.07526796031398,-7.606744803380618e-05
63.11511336016257,-0.0025003949972672
63.154958760011155,-0.0075857301961341
63.19480415985974,-0.0
63.23464955970833,-0.0
63.27449495955692,-0.0
63.314340359405506,-0.0
63.354185759254094,-0.0
63.39403115910268,-0.0
63.43387655895127,-0.0
63.47372195879986,-0.0
63.51356735864844,-0.0
63.553412758497025,-0.0
63.59325815834561,-0.0
63.6331035581942,-0.0
63.67294895804279,-0.0
63.712794357891376,-0.0
63.75263975773996,-0.0
63.79248515758855,-0.0
63.83233055743714,-0.0
63.87217595728573,-0.0
63.912021357134314,-0.0
63.9518667569829,-0.0
63.99171215683149,-0.0
64.03155755668008,-0.0
64.07140295652867,-0.0
64.11124835637726,-0.0
64.15109375622583,-0.0
64.19093915607442,-0.0
64.23078455592301,-0.0
64.2706299557716,-0.0
64.31047535562018,-0.0
64.35032075546877,-0.0
64.39016615531736,-0.0
64.43001155516595,-0.0
64.46985695501454,-0.0
64.50970235486312,-0.0
64.54954775471171,-0.0
64.5893931545603,-0.0
64.62923855440889,-0.0
64.66908395425747,-0.0
64.70892935410606,-0.0
64.74877475395465,-0.0
64.78862015380324,-0.0
64.82846555365182,-0.0
64.86831095350041,-0.0
64.908156353349,-0.0
64.94800175319759,-0.0
64.98784715304618,-0.0
65.02769255289476,-0.0
65.06753795274335,-0.0
65.10738335259194,-0.0
65.14722875244053,-0.0
65.18707415228911,-0.0
65.2269195521377,-0.0
65.26676495198629,-0.0
65.30661035183488,-0.0
65.34645575168346,-0.0
65.38630115153205,-0.0
65.42614655138064,-0.0
65.46599195122923,-0.0
65.50583735107782,-0.0
65.5456827509264,-0.0
65.58552815077499,-0.0
65.62537355062358,-0.0
65.66521895047217,-0.0
65.70506435032075,-0.0
65.74490975016934,-0.0
65.78475515001793,-0.0
65.82460054986652,-0.0
65.8644459497151,-0.0
65.90429134956369,-0.0
65.94413674941228,-0.0
65.98398214926087,-0.0
66.02382754910946,-0.0
66.06367294895804,-0.0
66.10351834880663,-0.0
66.14336374865522,-0.0
66.1832091485038,-0.0
66.2230545483524,-0.0
66.26289994820098,-0.0
66.30274534804957,-0.0
66.34259074789816,-0.0
66.38243614774674,-0.0
66.42228154759533,-0.0
66.46212694744392,-0.0
66.50197234729251,-0.0
66.5418177471411,-0.0
66.58166314698968,-0.0
66.62150854683827,-0.0
66.66135394668684,-0.0
66.70119934653543,-0.0
66.74104474638402,-0.0
66.78089014623261,-0.0
66.8207355460812,-0.0
66.86058094592978,-0.0
66.90042634577837,-0.0
66.94027174562696,-0.0
66.98011714547555,-0.0
67.01996254532413,-0.0
67.05980794517272,-0.0
67.09965334502131,-0.0
67.1394987448699,-0.0
67.17934414471848,-0.0
67.21918954456707,-0.0
67.25903494441566,-0.0
67.29888034426425,-0.0
67.33872574411284,-0.0
67.37857114396142,-0.0
67.41841654381001,-0.0
67.4582619436586,-0.0
67.49810734350719,-0.0
67.53795274335577,-0.0
67.57779814320436,-0.0
67.61764354305295,-0.0
67.65748894290154,-0.0
67.69733434275012,-0.0
67.73717974259871,-0.0
67.7770251424473,-0.0
67.81687054229589,-0.0
67.85671594214448,-0.0
67.89656134199306,-0.0
67.93640674184165,-0.0
67.97625214169024,-0.0
68.01609754153883,-0.0
68.05594294138741,-0.0
68.095788341236,-0.0
68.13563374108459,-0.0
