Distance_(pixels),Gray_Value
0,841.000
1,856.946
2,870.821
3,722.815
4,590.845
5,566.837
6,607.739
7,889.451
8,1306.204
9,1456.219
10,1404.135
11,1460.037
12,1451.944
13,1320.386
14,1345.589
15,1514.966
16,1557.519
17,1387.907
18,1171.565
19,955.221
20,822.505
21,1026.231
22,1348.379
23,1513.171
24,1440.351
25,1193.646
26,1003.789
27,932.249
28,963.048
29,981.770
30,985.883
31,1021.534
32,1148.004
33,1225.478
34,1421.265
35,1701.831
36,1527.134
37,1198.883
38,1395.367
39,1788.209
40,1780.229
41,1538.666
42,1261.916
43,1069.350
44,1095.097
45,1171.489
46,1169.554
47,1188.518
48,1196.146
49,1336.161
50,1605.083
51,1642.423
52,1434.269
53,1285.956
54,1273.885
55,1489.843
56,1480.203
57,1210.830
58,1115.090
59,1245.367
60,1217.638
61,1171.810
62,1171.796
63,1336.422
64,1686.481
65,1933.944
66,1943.263
67,1550.948
68,1139.284
69,1138.822
70,1221.732
71,1165.857
72,1286.608
73,1450.137
74,1471.579
75,1405.962
76,1419.054
77,1482.755
78,1588.109
79,1731.538
80,1923.185
81,1986.825
82,1896.488
83,1924.174
84,2105.208
85,2290.990
86,2280.771
87,1945.565
88,1644.289
89,1428.305
90,1422.179
91,1356.377
92,1373.552
93,1484.700
94,1335.682
95,1177.638
96,1134.099
97,1133.991
98,1157.989
99,1240.558
100,1365.048
101,1513.706
102,1539.061
103,1461.890
104,1335.027
105,1194.507
106,1169.631
107,1259.459
108,1277.780
109,1212.369
110,1166.187
111,1150.258
112,1141.783
113,1178.861
114,1226.294
115,1360.658
116,1687.606
117,1919.023
118,1634.337
119,1457.406
120,1337.720
121,1234.753
122,1160.511
123,1170.267
124,1186.006
125,1209.378
126,1198.803
127,1252.053
128,1324.700
129,1348.107
130,1390.145
131,1472.974
132,1504.990
133,1427.851
134,1423.220
135,1496.111
136,1536.402
137,1408.260
138,1269.015
139,1215.572
140,1141.549
141,1138.999
142,1188.314
143,1191.176
144,1232.652
145,1346.757
146,1409.654
147,1520.865
148,1559.616
149,1540.323
150,1688.640
151,1856.015
152,1987.421
153,2196.401
154,2437.668
155,2435.113
156,2297.251
157,2393.545
158,2570.614
159,2151.363
160,1621.288
161,1401.065
162,1328.144
163,1255.132
164,1218.050
165,1246.260
166,1332.954
167,1358.218
168,1468.285
169,1599.460
170,1594.233
171,1482.066
172,1316.109
173,1218.835
174,1205.420
175,1232.070
176,1364.887
177,1648.949
178,1968.705
179,2139.702
180,1757.342
181,1139.974
182,917.394
183,917.767
184,1136.997
185,1544.260
186,1606.078
187,1408.482
188,1393.454
189,1366.242
190,1372.036
191,1383.536
192,1360.060
193,1383.583
194,1443.182
195,1360.408
196,1446.696
197,1637.266
198,1707.125
199,1763.075
200,1935.159
201,2030.255
202,2108.206
203,2363.907
204,2464.405
205,2467.632
206,2587.191
207,2490.000
208,1971.777
209,1622.720
210,1730.254
211,1815.739
212,1834.452
213,1806.829
214,1535.158
215,1298.115
216,1303.954
217,1396.547
218,1466.316
219,1497.655
220,1440.905
221,1444.010
222,1397.948
223,1339.577
224,1459.868
225,1537.569
226,1538.105
227,1572.025
228,1563.086
229,1607.505
230,1638.058
231,1719.699
232,1895.268
233,2084.397
234,2277.449
235,2550.932
236,2714.930
237,2818.574
238,2936.679
239,2905.616
240,2671.201
241,2486.200
242,2385.420
243,2292.918
244,2403.307
245,2501.211
246,2506.354
247,2444.349
248,2359.857
249,2196.313
250,2367.318
251,2394.782
252,1875.006
253,1557.681
254,1580.559
255,1656.404
256,1639.067
257,1613.021
258,1575.442
259,1501.259
260,1409.716
261,1427.713
262,1719.338
263,2347.134
264,2987.523
265,2649.231
266,1968.504
267,2029.675
268,2148.973
269,1680.970
270,1358.861
271,1404.340
272,1445.732
273,1447.411
274,1426.824
275,1465.463
276,1511.641
277,1632.502
278,1876.465
279,2066.415
280,2150.901
281,2166.522
282,1941.465
283,1640.177
284,1469.057
285,1354.559
286,1372.655
287,1448.465
288,1486.391
289,1486.833
290,1602.934
291,1702.631
292,1632.310
293,1545.035
294,1545.586
295,1554.243
296,1596.020
297,1685.734
298,1677.006
299,1687.366
300,1641.087
301,1638.448
302,1723.260
303,1785.176
304,1776.125
305,1665.606
306,1542.160
307,1556.686
308,1548.701
309,1534.195
310,1501.998
311,1439.429
312,1353.517
313,1351.599
314,1381.014
315,1451.916
316,1464.106
317,1404.113
318,1411.062
319,1469.696
320,1467.795
321,1466.025
322,1480.901
323,1519.207
324,1594.542
325,1612.688
326,1619.980
327,1613.844
328,1620.329
329,1630.023
330,1711.219
331,1801.637
332,1843.118
333,1787.658
334,1801.549
335,1700.235
336,1590.808
337,1754.848
338,2299.103
339,3033.194
340,3542.137
341,3602.560
342,3256.755
343,2909.947
344,2747.874
345,2865.533
346,3229.373
347,3286.515
348,3166.917
349,2968.148
350,2817.887
351,2723.669
352,2791.633
353,2916.076
354,2730.872
355,2559.428
356,2583.174
357,2440.070
358,1979.196
359,1612.596
360,1555.046
361,1619.953
362,1679.126
363,1660.709
364,1656.741
365,1681.310
366,1755.862
367,1812.543
368,1744.994
369,1730.209
370,1816.199
371,1859.138
372,1746.947
373,1601.426
374,1611.773
375,1880.117
376,2154.877
377,2400.276
378,2578.470
379,2778.393
380,2566.791
381,2456.683
382,2524.140
383,2362.501
384,2071.548
385,1774.211
386,1563.834
387,1501.262
388,1580.536
389,1597.249
390,1635.636
391,1789.169
392,1862.014
393,1821.540
394,1791.993
395,1813.364
396,1790.715
397,1784.262
398,1722.976
399,1639.639
400,1569.286
401,1590.132
402,1750.978
403,2073.806
404,2413.521
405,2679.656
406,2717.935
407,2626.546
408,2969.569
409,3644.437
410,3532.235
411,2668.743
412,2208.983
413,2074.355
414,1895.523
415,1765.990
416,1736.792
417,1718.079
418,1823.838
419,1921.265
420,1854.338
421,1761.254
422,1731.957
423,1733.186
424,1789.837
425,1862.765
426,1831.857
427,1733.842
428,1679.929
429,1650.958
430,1658.509
431,1646.976
432,1589.503
433,1637.408
434,1782.476
435,1825.151
436,1741.738
437,1651.937
438,1722.028
439,1764.128
440,1735.777
441,1742.051
442,1867.521
443,1941.801
444,1856.750
445,1766.863
446,1720.928
447,1733.783
448,1836.346
449,2014.420
450,2276.630
451,2749.959
452,2890.480
453,2679.249
454,2499.525
455,2300.465
456,2260.319
457,2362.698
458,2426.638
459,2555.976
460,2892.895
461,3222.745
462,3452.752
463,3443.490
464,3189.881
465,2785.447
466,2376.015
467,2005.128
468,1717.485
469,1618.744
470,1687.589
471,1860.060
472,2286.361
473,2653.712
474,2820.608
475,2977.402
476,2823.372
477,2753.077
478,3057.251
479,3081.280
480,2740.887
481,2385.109
482,1983.332
483,1828.578
484,1808.008
485,2080.700
486,2520.781
487,2852.246
488,3158.409
489,2779.706
490,2131.577
491,1871.933
492,1730.604
493,1762.024
494,1927.066
495,2006.388
496,1961.899
497,2018.200
498,2061.683
499,2357.915
500,2999.557
501,3096.375
502,2891.761
503,2631.958
504,2175.346
505,1848.288
506,1720.122
507,1789.733
508,1851.734
509,1880.432
510,1903.753
511,1849.921
512,1874.913
513,2116.261
514,2695.985
515,3187.763
516,3110.975
517,2727.767
518,2300.662
519,2047.597
520,2112.592
521,2323.124
522,2453.260
523,2365.398
524,2036.771
525,1875.408
526,1984.091
527,2019.160
528,2002.725
529,1912.611
530,1794.513
531,1776.924
532,1852.380
533,1971.083
534,2039.750
535,2000.865
536,1984.121
537,1971.230
538,1828.301
539,1764.386
540,1750.058
541,1829.458
542,2096.396
543,2209.050
544,2204.500
545,2287.702
546,2366.499
547,2224.507
548,1971.773
549,1818.289
550,1830.278
551,1950.726
552,1989.279
553,1946.938
554,2183.310
555,2793.328
556,2933.835
557,2489.779
558,2317.858
559,2220.946
560,2038.803
561,2111.729
562,2082.857
563,1785.296
564,1725.355
565,1827.807
566,1988.229
567,2287.304
568,2637.886
569,2862.990
570,2707.946
571,2374.408
572,2099.109
573,2048.536
574,2138.690
575,2092.298
576,2017.820
577,1913.132
578,1829.619
579,1924.829
580,1952.010
581,1885.346
582,1843.546
583,1789.586
584,1802.028
585,1798.763
586,1899.942
587,1950.174
588,1817.082
589,1820.268
590,2135.028
591,2768.713
592,3625.268
593,3820.956
594,3142.823
595,2673.169
596,2998.854
597,3655.712
598,3647.541
599,2919.476
600,2292.376
601,2013.520
602,2099.963
603,2187.498
604,2118.000
605,2184.775
606,2152.047
607,1919.822
608,1752.818
609,1756.710
610,1957.821
611,2214.262
612,2414.185
613,2989.139
614,3623.371
615,3419.298
616,2685.744
617,2205.666
618,1939.165
619,1829.397
620,1913.815
621,1949.015
622,1888.267
623,2049.527
624,2319.072
625,2560.958
626,2646.149
627,2499.146
628,2370.135
629,2241.935
630,2219.817
631,2066.858
632,1802.781
633,1731.869
634,1812.789
635,1752.634
636,1635.718
637,1648.231
638,1704.200
639,1707.286
640,1843.441
641,1998.126
642,1988.534
643,2017.398
644,2135.284
645,2065.139
646,1857.478
647,1682.716
648,1590.476
649,1623.753
650,1798.877
651,2026.749
652,2088.130
653,2022.816
654,1954.572
655,2070.505
656,2109.100
657,2034.068
658,1974.242
659,2128.010
660,2828.837
661,3764.974
662,4125.128
663,4420.441
664,4554.164
665,3696.803
666,2704.231
667,2194.925
668,1934.196
669,1765.698
670,1743.616
671,1915.307
672,2103.949
673,2426.067
674,3022.846
675,3606.016
676,4049.770
677,4376.106
678,4281.467
679,3888.727
680,3326.636
681,2761.324
682,2442.901
683,2304.805
684,2315.530
685,2279.083
686,2269.146
687,2412.458
688,2522.787
689,2419.073
690,2130.058
691,1809.405
692,1719.050
693,1714.425
694,1662.080
695,1641.644
696,1586.604
697,1590.476
698,1644.832
699,1674.253
700,1766.803
701,1795.157
702,1832.251
703,2028.328
704,2169.260
705,2100.211
706,2050.735
707,1990.132
708,1998.689
709,1936.534
710,1813.000
711,1915.091
712,2009.943
713,2052.695
714,2064.851
715,2089.799
716,2123.103
717,2233.425
718,2424.500
719,2458.124
720,2688.010
721,3128.003
722,3326.548
723,3531.354
724,3476.621
725,2959.708
726,2613.763
727,2504.656
728,2562.679
729,2496.915
730,2316.149
731,2193.549
732,2106.726
733,2013.243
734,1921.658
735,1959.592
736,1979.150
737,2067.703
738,2097.856
739,2054.676
740,2010.722
741,2127.099
742,2320.121
743,2397.188
744,2306.731
745,2530.378
746,2850.494
747,2706.874
748,2391.936
749,2261.972
750,2050.531
751,1835.108
752,1769.580
753,1707.182
754,1642.615
755,1660.243
756,1815.755
757,1908.761
758,1892.726
759,1823.674
760,1828.970
761,1918.707
762,1910.606
763,1813.149
764,1933.369
765,2081.461
766,2102.338
767,2171.084
768,2129.850
769,1982.129
770,1825.944
771,1685.076
772,1567.718
773,1543.180
774,1651.402
775,1748.187
776,1849.296
777,1898.484
778,1912.845
779,1949.827
780,2148.073
781,2493.086
782,2658.351
783,3081.559
784,3886.546
785,4726.066
786,5256.850
787,4887.601
788,4453.653
789,4005.524
790,3696.406
791,3427.842
792,2906.914
793,2498.143
794,2352.316
795,2197.561
796,2050.493
797,2091.572
798,2204.048
799,2162.115
800,1894.907
801,1846.789
802,2058.578
803,2219.688
804,2113.790
805,2138.423
806,2238.865
807,2226.971
808,2101.511
809,2004.774
810,1892.823
811,1891.879
812,2119.282
813,2231.500
814,2365.637
815,2388.099
816,2528.136
817,3082.752
818,3537.360
819,3288.228
820,2606.714
821,1965.620
822,1692.375
823,1750.521
824,2119.167
825,2391.157
826,2308.011
827,2361.725
828,2458.893
829,2491.500
830,2844.817
831,3324.956
832,3269.428
833,3033.470
834,2881.572
835,2578.897
836,2431.019
837,2422.418
838,2277.724
839,2136.279
840,2072.704
841,2021.331
842,1922.217
843,1884.310
844,1907.946
845,1925.127
846,1938.837
847,1992.578
848,1949.873
849,1867.391
850,1917.877
851,2084.687
852,2311.171
853,2651.054
854,3073.423
855,3395.418
856,3475.793
857,3534.330
858,3544.580
859,3426.752
860,3088.980
861,2404.253
862,2156.323
863,2547.386
864,2878.094
865,2695.885
866,2533.204
867,2398.403
868,2457.442
869,3060.189
870,3239.914
871,2612.263
872,1968.778
873,1835.931
874,1889.913
875,1869.507
876,2089.224
877,2392.656
878,2289.582
879,2067.138
880,2039.115
881,2031.514
882,2014.053
883,1950.726
884,2019.221
885,2140.159
886,2196.070
887,2230.206
888,2146.674
889,1951.163
890,1857.519
891,2006.677
892,2116.606
893,2151.576
894,2212.755
895,2162.261
896,2180.482
897,2182.482
898,2221.580
899,2189.223
900,2192.865
901,2595.527
902,3616.472
903,4289.155
904,3982.991
905,3211.946
906,2434.499
907,2284.106
908,2737.644
909,2977.104
910,2519.676
911,2284.952
912,2158.747
913,2236.782
914,2401.104
915,2408.650
916,2455.770
917,2486.594
918,2404.876
919,2446.532
920,2410.443
921,2246.295
922,2201.180
923,2253.543
924,2262.645
925,2148.447
926,2115.436
927,2089.238
928,2101.318
929,2298.104
930,2572.720
931,2689.208
932,2579.682
933,2498.862
934,2327.790
935,2198.924
936,2330.442
937,2315.780
938,2160.617
939,2134.907
940,2075.113
941,1841.239
942,1845.626
943,2113.659
944,2406.780
945,2508.620
946,2553.266
947,2523.980
948,2434.011
949,2287.052
950,2185.604
951,2657.817
952,3386.718
953,3330.026
954,2342.305
955,1958.314
956,2188.169
957,2358.765
958,2430.626
959,2446.735
960,2438.775
961,2432.719
962,2525.513
963,2430.893
964,2349.783
965,2273.678
966,2116.186
967,1967.446
968,1931.270
969,2102.454
970,2318.014
971,2349.810
972,2238.545
973,2322.960
974,2522.876
975,2569.813
976,2419.565
977,2417.537
978,2464.489
979,2399.368
980,2359.676
981,2228.228
982,1958.493
983,1744.838
984,1841.783
985,2205.638
986,3117.568
987,4145.056
988,3975.998
989,3169.000
990,3090.819
991,3434.639
992,3740.829
993,3863.842
994,3234.000
995,2349.201
996,2116.650
997,2283.353
998,2272.628
999,2095.096
1000,2008.197
1001,2171.155
1002,2199.405
1003,2171.137
1004,2132.183
1005,1982.451
1006,1978.460
1007,1999.826
1008,1938.144
1009,2069.079
1010,2268.042
1011,2220.260
1012,2049.925
1013,1932.982
1014,1859.087
1015,1825.296
1016,2073.281
1017,2284.733
1018,2313.776
1019,2207.392
1020,2090.916
1021,2027.051
1022,2033.549
1023,2290.930
1024,2919.488
1025,3609.278
1026,3937.192
1027,3541.866
1028,2656.795
1029,2234.913
1030,2294.358
1031,2374.385
1032,2365.577
1033,2358.786
1034,2346.724
1035,2270.248
1036,2327.637
1037,2682.635
1038,2799.597
1039,2571.208
1040,2420.457
1041,2484.687
1042,2560.028
1043,2515.665
1044,2402.201
1045,2311.163
1046,2287.978
1047,2381.443
1048,2412.271
1049,2306.803
1050,2353.479
1051,2412.096
1052,2085.537
1053,1745.083
1054,1595.160
1055,1566.515
1056,1662.333
1057,1793.761
1058,1953.900
1059,2041.189
1060,1954.783
1061,1771.854
1062,1572.710
1063,1451.871
1064,1479.913
1065,1714.429
1066,2180.118
1067,2434.340
1068,2521.788
1069,2804.060
1070,3088.390
1071,3583.623
1072,4147.619
1073,3811.958
1074,2926.513
1075,2186.256
1076,1950.814
1077,1937.343
1078,2064.248
1079,2527.316
1080,3266.499
1081,3458.343
1082,3036.605
1083,2630.699
1084,2424.963
1085,2464.577
1086,2584.177
1087,2587.316
1088,2525.658
1089,2333.937
1090,2171.316
1091,1967.654
1092,1643.758
1093,1403.841
1094,1376.737
1095,1488.644
1096,1823.021
1097,2251.626
1098,2328.388
1099,2199.273
1100,2272.491
1101,2482.346
1102,2735.156
1103,2778.028
1104,2560.627
1105,2323.412
1106,2457.082
1107,2683.083
1108,2450.236
1109,2063.271
1110,1925.274
1111,2072.567
1112,2329.212
1113,2615.163
1114,2822.602
1115,2696.990
1116,2413.125
1117,2182.712
1118,2272.742
1119,2444.107
1120,2495.901
1121,2409.206
1122,2203.545
1123,2175.328
1124,2299.989
1125,2526.320
1126,3032.864
1127,3364.766
1128,3241.359
1129,3012.366
1130,2797.906
1131,2484.350
1132,2363.057
1133,2280.816
1134,2163.121
1135,2131.927
1136,2186.171
1137,2306.708
1138,2637.589
1139,3298.637
1140,3866.982
1141,3449.724
1142,2578.807
1143,1917.887
1144,1732.487
1145,1934.682
1146,2151.635
1147,2291.586
1148,2573.991
1149,2844.993
1150,2900.000
1151,2863.511
1152,2950.365
1153,2862.972
1154,2609.710
1155,2563.916
1156,2720.784
1157,2762.241
1158,2671.161
1159,2523.274
1160,2280.211
1161,2127.590
1162,2110.349
1163,2314.827
1164,2445.007
1165,2408.412
1166,2388.376
1167,2395.880
1168,2384.466
1169,2237.949
1170,2243.873
1171,2314.967
1172,2212.639
1173,2259.520
1174,2362.717
1175,2149.686
1176,1782.992
1177,1521.287
1178,1492.824
1179,1878.142
1180,2783.199
1181,3380.434
1182,3074.772
1183,2435.938
1184,2088.265
1185,1883.940
1186,1793.893
1187,1902.235
1188,2328.093
1189,2865.030
1190,3254.859
1191,3270.115
1192,2882.985
1193,2565.588
1194,2655.259
1195,2768.608
1196,2667.115
1197,2547.930
1198,2551.429
1199,2486.936
1200,2686.730
1201,3629.069
1202,4166.759
1203,3677.687
1204,2639.389
1205,1828.702
1206,1781.812
1207,2189.171
1208,2525.880
1209,2450.224
1210,2203.944
1211,2195.558
1212,2360.608
1213,2387.846
1214,2396.259
1215,2394.946
1216,2365.101
1217,2302.807
1218,2437.941
1219,2910.779
1220,3461.871
1221,3542.219
1222,3133.819
1223,2660.132
1224,2368.184
1225,2171.282
1226,2119.382
1227,2199.031
1228,2338.635
1229,2469.752
1230,2442.771
1231,2312.862
1232,2245.882
1233,2210.654
1234,2172.076
1235,2152.503
1236,2032.748
1237,1903.146
1238,2004.169
1239,2277.428
1240,2385.050
1241,2415.116
1242,2286.619
1243,2105.854
1244,1974.227
1245,1984.048
1246,2164.149
1247,2407.577
1248,2259.260
1249,1945.309
1250,1914.141
1251,1970.724
1252,2173.560
1253,2373.932
1254,2379.277
1255,2277.592
1256,2269.477
1257,2466.310
1258,2382.078
1259,1965.839
1260,1827.000
1261,2049.836
1262,2499.196
1263,2843.750
1264,2571.105
1265,2205.604
1266,2168.259
1267,2262.290
1268,2198.716
1269,2065.960
1270,2022.793
1271,2015.748
1272,2049.661
1273,2139.482
1274,2111.825
1275,1990.815
1276,2062.717
1277,2304.790
1278,2417.171
1279,2302.207
1280,2202.467
1281,2097.141
1282,2087.548
1283,2455.842
1284,3045.767
1285,3258.551
1286,3089.051
1287,3257.957
1288,3440.620
1289,3133.833
1290,2776.747
1291,2551.433
1292,2240.944
1293,2054.829
1294,2032.117
1295,2065.944
1296,2155.547
1297,2295.380
1298,2443.260
1299,2424.535
1300,2131.672
1301,2021.712
1302,2086.623
1303,1959.641
1304,1787.503
1305,1820.913
1306,1884.030
1307,1896.332
1308,1996.949
1309,2095.521
1310,2159.990
1311,2279.043
1312,2545.815
1313,2825.097
1314,2710.280
1315,2130.215
1316,1929.037
1317,2450.928
1318,3058.326
1319,3027.387
1320,2751.032
1321,2366.783
1322,2136.598
1323,2181.665
1324,2221.073
1325,2209.849
1326,2152.343
1327,2048.796
1328,2036.874
1329,2108.086
1330,2311.944
1331,2504.632
1332,2318.081
1333,1896.615
1334,2085.884
1335,2638.793
1336,2811.428
1337,2727.313
1338,2546.953
1339,2343.977
1340,2252.533
1341,2165.467
1342,2139.805
1343,2154.184
1344,2198.828
1345,2108.119
1346,1982.873
1347,1957.748
1348,1965.213
1349,1938.886
1350,2015.221
1351,2027.144
1352,2112.483
1353,2157.894
1354,2131.135
1355,2157.191
1356,2198.931
1357,2122.093
1358,2110.969
1359,2164.908
1360,2261.107
1361,2395.575
1362,2469.202
1363,2342.599
1364,2155.797
1365,1986.817
1366,1650.043
1367,1399.670
1368,1289.684
1369,1207.863
1370,1230.793
1371,1299.628
1372,1558.899
1373,1899.864
1374,2004.575
1375,1965.594
1376,1925.001
1377,1980.443
1378,2073.580
1379,2068.966
1380,1978.974
1381,1837.040
1382,1750.726
1383,1818.206
1384,2081.559
1385,2449.638
1386,2425.079
1387,1882.214
1388,1455.055
1389,1560.467
1390,2103.459
1391,2509.135
1392,2555.727
1393,2368.208
1394,2214.346
1395,2234.839
1396,2204.392
1397,2270.925
1398,2690.516
1399,3192.027
1400,3159.789
1401,2513.109
1402,1807.087
1403,1789.664
1404,2466.969
1405,2780.897
1406,2430.244
1407,2110.690
1408,1953.988
1409,2001.631
1410,1997.992
1411,1930.973
1412,2033.260
1413,2293.572
1414,2367.577
1415,2174.161
1416,1953.251
1417,2069.993
1418,2491.371
1419,2582.730
1420,2430.286
1421,2326.304
1422,2160.233
1423,2041.589
1424,2018.326
1425,2284.956
1426,2855.243
1427,3055.871
1428,2782.231
1429,2439.592
1430,2071.839
1431,1919.026
1432,2015.049
1433,2056.069
1434,1965.323
1435,2040.732
1436,2138.606
1437,2133.359
1438,2233.125
1439,2463.276
1440,2696.227
1441,2732.202
1442,2539.834
1443,2319.530
1444,2200.782
1445,2064.410
1446,2003.832
1447,2045.519
1448,2078.313
1449,2341.882
1450,2889.555
1451,3037.042
1452,2662.345
1453,2166.383
1454,1877.030
1455,1881.704
1456,1932.056
1457,1973.062
1458,2064.398
1459,2053.614
1460,1922.251
1461,1894.528
1462,2010.295
1463,2243.808
1464,2627.195
1465,2899.475
1466,2459.115
1467,1975.874
1468,1989.666
1469,1965.461
1470,1932.239
1471,2018.448
1472,2038.121
1473,1958.235
1474,1884.358
1475,1736.350
1476,1889.222
1477,2606.637
1478,3204.607
1479,3092.549
1480,2428.843
1481,1980.636
1482,1976.313
1483,2066.695
1484,2069.713
1485,2122.585
1486,2151.723
1487,2112.615
1488,2212.516
1489,2510.174
1490,2713.656
1491,2685.000
1492,2465.482
1493,2325.739
1494,2531.959
1495,2655.765
1496,2460.909
1497,2198.273
1498,1957.096
1499,1884.560
1500,1880.294
1501,1903.202
1502,1963.842
1503,1955.018
1504,1939.215
1505,1898.169
1506,1869.812
1507,1868.125
1508,1929.103
1509,1951.961
1510,1971.199
1511,1993.294
1512,1994.299
1513,2029.664
1514,2096.754
1515,2122.099
1516,2325.978
1517,2619.031
1518,2640.158
1519,2270.814
1520,1937.294
1521,2276.500
1522,3046.782
1523,3184.521
1524,2718.408
1525,2291.968
1526,2176.037
1527,2295.797
1528,2324.147
1529,2198.287
1530,2153.730
1531,2356.305
1532,2611.321
1533,2626.406
1534,2367.276
1535,2008.781
1536,1866.284
1537,1900.533
1538,1998.261
1539,2072.295
1540,2129.437
1541,2125.140
1542,2116.215
1543,2413.417
1544,2480.285
1545,2089.428
1546,1713.761
1547,1530.930
1548,1660.421
1549,2293.804
1550,2790.479
1551,2764.599
1552,2473.525
1553,2109.367
1554,1980.113
1555,1844.205
1556,1836.375
1557,2008.203
1558,2061.972
1559,2110.742
1560,2214.698
1561,2356.324
1562,2748.457
1563,2999.941
1564,2845.836
1565,2547.376
1566,2556.282
1567,2855.381
1568,2967.842
1569,2899.395
1570,2692.759
1571,2523.726
1572,2500.445
1573,2488.515
1574,2433.253
1575,2247.155
1576,2101.208
1577,2058.048
1578,2067.977
1579,2054.473
1580,1991.734
1581,2005.866
1582,2143.820
1583,2149.955
1584,1980.456
1585,1809.779
1586,1756.498
1587,1847.476
1588,1945.083
1589,1918.144
1590,1945.002
1591,2074.500
1592,2191.818
1593,2405.702
1594,2546.678
1595,2671.205
1596,2810.110
1597,2855.394
1598,2689.988
1599,2426.114
1600,2373.300
1601,2714.858
1602,3279.390
1603,3532.225
1604,3468.677
1605,3184.048
1606,2658.502
1607,2070.478
1608,1951.521
1609,2044.099
1610,1977.324
1611,1842.170
1612,1984.476
1613,2197.369
1614,2138.643
1615,2012.245
1616,2016.005
1617,2045.961
1618,2083.792
1619,2126.860
1620,2103.626
1621,2152.029
1622,2298.104
1623,2492.278
1624,2978.685
1625,3248.471
1626,2954.747
1627,2645.625
1628,2544.854
1629,2531.829
1630,2361.004
1631,2108.411
1632,2052.000
1633,2300.486
1634,2759.500
1635,3031.644
1636,3011.773
1637,2878.954
1638,2882.820
1639,2850.682
1640,2710.483
1641,2351.799
1642,2028.602
1643,1848.456
1644,1838.572
1645,1856.437
1646,1849.352
1647,1887.214
1648,1979.109
1649,2012.713
1650,1959.887
1651,1837.246
1652,1872.372
1653,2174.266
1654,2721.894
1655,3126.809
1656,3077.074
1657,2648.831
1658,2310.573
1659,2127.580
1660,1999.284
1661,1917.461
1662,1982.195
1663,2032.876
1664,1946.787
1665,1874.352
1666,1836.034
1667,1893.601
1668,2066.821
1669,2268.744
1670,2248.469
1671,1972.913
1672,1657.092
1673,1701.104
1674,2362.120
1675,3091.097
1676,3108.280
1677,2583.520
1678,2157.090
1679,2092.627
1680,2134.014
1681,2059.708
1682,1904.058
1683,1852.662
1684,1827.656
1685,1796.386
1686,1827.167
1687,2079.918
1688,2552.711
1689,2628.950
1690,2427.924
1691,2130.233
1692,1939.403
1693,1913.921
1694,1855.983
1695,1871.658
1696,1972.581
1697,1943.150
1698,1892.603
1699,1847.007
1700,1852.123
1701,1890.963
1702,1929.816
1703,1901.929
1704,1831.800
1705,2084.604
1706,2580.655
1707,2659.427
1708,2594.577
1709,2464.503
1710,2362.680
1711,2516.695
1712,2560.959
1713,2228.060
1714,1867.716
1715,1679.282
1716,1777.204
1717,1920.669
1718,1975.816
1719,1849.635
1720,1798.755
1721,1836.321
1722,1844.420
1723,1828.807
1724,1829.567
1725,1791.239
1726,1731.295
1727,1837.698
1728,1953.819
1729,1952.338
1730,1851.006
1731,1854.898
1732,1870.270
1733,1968.488
1734,2347.598
1735,2738.749
1736,2491.307
1737,1865.480
1738,1569.478
1739,1531.418
1740,1691.445
1741,1987.396
1742,2135.339
1743,2052.521
1744,1987.163
1745,2008.893
1746,1949.677
1747,1903.237
1748,1911.893
1749,2023.396
1750,2123.366
1751,2263.106
1752,2411.061
1753,2148.603
1754,1720.518
1755,1495.030
1756,1466.301
1757,1487.862
1758,1544.047
1759,1665.421
1760,1868.368
1761,2058.729
1762,2114.751
1763,2002.331
1764,1793.625
1765,1831.149
1766,1955.434
1767,2007.590
1768,1927.521
1769,1854.221
1770,1831.547
1771,1819.516
1772,1814.493
1773,1934.916
1774,2100.009
1775,2211.000
1776,2023.220
1777,1823.021
1778,1800.699
1779,1744.501
1780,1597.372
1781,1743.059
1782,2226.875
1783,2445.219
1784,2299.824
1785,2188.592
1786,2140.060
1787,2220.567
1788,2297.825
1789,2463.317
1790,2553.314
1791,2573.946
1792,2496.794
1793,2231.928
1794,1976.178
1795,1751.342
1796,1663.239
1797,1686.940
1798,1689.941
1799,1643.755
1800,1616.553
1801,1574.811
1802,1753.947
1803,2168.384
1804,2574.790
1805,2648.268
1806,2361.051
1807,2068.062
1808,1988.452
1809,1842.826
1810,1786.909
1811,1628.172
1812,1494.875
1813,1597.361
1814,1844.815
1815,2012.497
1816,1966.043
1817,1900.872
1818,1853.520
1819,1781.247
1820,1812.972
1821,1829.145
1822,1789.018
1823,1562.201
1824,1418.607
1825,1386.282
1826,1324.392
1827,1403.580
1828,1713.930
1829,1916.309
1830,1961.887
1831,1988.888
1832,2031.852
1833,2077.724
1834,2169.079
1835,2247.221
1836,2245.847
1837,2130.660
1838,1920.920
1839,1625.535
1840,1534.270
1841,1943.453
1842,2453.566
1843,2450.010
1844,2067.765
1845,1862.422
1846,1840.400
1847,1798.000
1848,1789.854
1849,1776.095
1850,1836.710
1851,1763.030
1852,1592.865
1853,1451.214
1854,1335.568
1855,1308.042
1856,1340.893
1857,1345.451
1858,1415.674
1859,1549.741
1860,1710.680
1861,1769.746
1862,1852.510
1863,1899.083
1864,1943.502
1865,2001.143
1866,2040.862
1867,2047.272
1868,1969.695
1869,1951.132
1870,1957.765
1871,1907.088
1872,1938.668
1873,2078.141
1874,2100.500
1875,2040.346
1876,1923.268
1877,1959.815
1878,2141.554
1879,2375.589
1880,2815.145
1881,2933.001
1882,2640.084
1883,2409.716
1884,2329.460
1885,2359.155
1886,2444.059
1887,2476.901
1888,2540.909
1889,2521.171
1890,2390.197
1891,2192.751
1892,2014.290
1893,1869.218
1894,1955.551
1895,1986.523
1896,1978.430
1897,2043.138
1898,1977.316
1899,1847.511
1900,1855.487
1901,1885.294
1902,1945.790
1903,1955.833
1904,1894.986
1905,1889.396
1906,1910.535
1907,1992.346
1908,2246.970
1909,2306.650
1910,2065.010
1911,2114.200
1912,2263.984
1913,2140.482
1914,1935.581
1915,1898.708
1916,1869.346
1917,1871.686
1918,1842.882
1919,1846.501
1920,1911.388
1921,1907.664
1922,1852.187
1923,1676.578
1924,1669.251
1925,1975.296
1926,2031.840
1927,1866.540
1928,1823.091
1929,1858.246
1930,1906.372
1931,1863.785
1932,1775.997
1933,1717.015
1934,1749.996
1935,1814.863
1936,1923.372
1937,2040.199
1938,1893.170
1939,1671.045
1940,1549.763
1941,1530.940
1942,1563.789
1943,1622.988
1944,1745.975
1945,1877.233
1946,1897.493
1947,1776.804
1948,1741.249
1949,1676.884
1950,1612.853
1951,1676.802
1952,1796.893
1953,1921.208
1954,1942.077
1955,1769.602
1956,1703.738
1957,1820.210
1958,1841.625
1959,1663.970
1960,1586.592
1961,1622.102
1962,1556.741
1963,1479.449
1964,1553.583
1965,1613.161
1966,1682.481
1967,1753.484
1968,1787.048
1969,1807.016
1970,1811.034
1971,1840.411
1972,1748.278
1973,1758.311
1974,1862.696
1975,1859.362
1976,1907.538
1977,1949.203
1978,2004.025
1979,2212.333
1980,2333.376
1981,2225.423
1982,2018.259
1983,1765.210
1984,1630.314
1985,1644.272
1986,1766.036
1987,1902.202
1988,2003.600
1989,2027.389
1990,1947.684
1991,1885.789
1992,1834.981
1993,1836.003
1994,1829.846
1995,1791.507
1996,1654.685
1997,1652.331
1998,1796.037
1999,1939.699
2000,1891.660
2001,1750.285
2002,1788.676
2003,1748.565
2004,1709.775
2005,1703.046
2006,1700.122
2007,1685.305
2008,1698.028
2009,1852.327
2010,2156.670
2011,2327.855
2012,2502.261
2013,2487.849
2014,2182.058
2015,1914.718
2016,1835.868
2017,1778.536
2018,1709.556
2019,1678.749
2020,1654.352
2021,1705.639
2022,1862.616
2023,2097.975
2024,2284.457
2025,2297.050
2026,2291.866
2027,2256.819
2028,2057.824
2029,1849.025
2030,1783.155
2031,1864.183
2032,1913.859
2033,1971.926
2034,1902.714
2035,1846.499
2036,1911.682
2037,1914.132
2038,1920.399
2039,1971.613
2040,2120.694
2041,2451.375
2042,2494.594
2043,2237.428
2044,2040.746
2045,1891.048
2046,1784.188
2047,1818.050
2048,1790.260
2049,1739.474
2050,1727.245
2051,1738.907
2052,1908.228
2053,2102.411
2054,2022.732
2055,1777.952
2056,1627.694
2057,1718.214
2058,1800.896
2059,1723.629
2060,1676.105
2061,1651.129
2062,1728.680
2063,1844.488
2064,1946.994
2065,2046.380
2066,2163.066
2067,2339.306
2068,2362.364
2069,2135.597
2070,2008.722
2071,1976.039
2072,1926.518
2073,1950.042
2074,1941.046
2075,1969.879
2076,1981.813
2077,1967.463
2078,1887.104
2079,1827.532
2080,1806.755
2081,1742.337
2082,1728.786
2083,1703.075
2084,1739.922
2085,1908.692
2086,2033.516
2087,1928.172
2088,1913.904
2089,1902.496
2090,1871.185
2091,2125.427
2092,2434.435
2093,2196.132
2094,1803.217
2095,1767.592
2096,1749.464
2097,1764.283
2098,1859.631
2099,1900.124
2100,1882.408
2101,1899.232
2102,2122.344
2103,2472.014
2104,2633.043
2105,2507.893
2106,2395.661
2107,2276.434
2108,2281.039
2109,2431.013
2110,2455.821
2111,2132.760
2112,1799.111
2113,1813.036
2114,1857.273
2115,1774.992
2116,1749.198
2117,1740.798
2118,1734.392
2119,1862.070
2120,2005.457
2121,1946.761
2122,1940.128
2123,2137.088
2124,2281.355
2125,2120.135
2126,1872.859
2127,1746.509
2128,1695.231
2129,1729.483
2130,1820.143
2131,1836.828
2132,1733.975
2133,1786.809
2134,1880.319
2135,1700.789
2136,1517.325
2137,1554.190
2138,1690.256
2139,1682.292
2140,1681.843
2141,1709.448
2142,1698.124
2143,1747.204
2144,2108.496
2145,2638.648
2146,2782.442
2147,2498.638
2148,2363.008
2149,2240.332
2150,1986.662
2151,2001.065
2152,1934.256
2153,1861.981
2154,1888.141
2155,1724.418
2156,1570.155
2157,1608.034
2158,1804.533
2159,1911.557
2160,1923.708
2161,2084.037
2162,2132.742
2163,2023.245
2164,2160.270
2165,2399.553
2166,2520.790
2167,2362.029
2168,2290.203
2169,2268.824
2170,1999.042
2171,1682.686
2172,1596.484
2173,1632.934
2174,1620.361
2175,1590.479
2176,1712.668
2177,1673.051
2178,1624.728
2179,1681.650
2180,1609.461
2181,1622.653
2182,1810.489
2183,1986.791
2184,1892.578
2185,1779.783
2186,1742.118
2187,1629.348
2188,1499.046
2189,1508.965
2190,1593.272
2191,1628.422
2192,1614.734
2193,1755.697
2194,2132.361
2195,2071.038
2196,1739.314
2197,1650.679
2198,1577.645
2199,1490.557
2200,1559.119
2201,1810.971
2202,2002.296
2203,2034.656
2204,1996.763
2205,1854.197
2206,1765.220
2207,1831.657
2208,1954.261
2209,1971.312
2210,1936.839
2211,1842.847
2212,1702.276
2213,1593.448
2214,1637.660
2215,1717.920
2216,1766.678
2217,1855.731
2218,1906.348
2219,1842.059
2220,1935.582
2221,2067.351
2222,2021.829
2223,1937.775
2224,1929.692
2225,1756.378
2226,1688.763
2227,1919.245
2228,2113.682
2229,2064.455
2230,1878.859
2231,1743.342
2232,1667.564
2233,1643.741
2234,1608.758
2235,1561.869
2236,1636.920
2237,1960.748
2238,2117.909
2239,1834.060
2240,1528.127
2241,1469.923
2242,1560.758
2243,1619.753
2244,1598.310
2245,1498.374
2246,1533.387
2247,1645.744
2248,1610.340
2249,1603.089
2250,1589.411
2251,1561.530
2252,1624.783
2253,1648.047
2254,1580.011
2255,1611.282
2256,1665.512
2257,1667.194
2258,1665.289
2259,1588.993
2260,1552.072
2261,1607.918
2262,1689.037
2263,1724.101
2264,1544.676
2265,1569.062
2266,1635.865
2267,1552.950
2268,1438.693
2269,1471.261
2270,1517.702
2271,1508.125
2272,1424.457
2273,1366.673
2274,1520.754
2275,1702.324
2276,1761.070
2277,1729.276
2278,1792.788
2279,2172.910
2280,2373.002
2281,2014.787
2282,1627.896
2283,1549.049
2284,1531.382
2285,1510.473
2286,1622.270
2287,1817.875
2288,1905.609
2289,1856.417
2290,1868.036
2291,1894.754
2292,1748.914
2293,1580.536
2294,1522.153
2295,1568.726
2296,1599.955
2297,1582.841
2298,1597.820
2299,1809.250
2300,2095.406
2301,2117.191
2302,1896.325
2303,1686.062
2304,1593.681
2305,1571.956
2306,1609.119
2307,1654.014
2308,1718.588
2309,1895.934
2310,2141.000
2311,2121.603
2312,1829.120
2313,1566.376
2314,1416.449
2315,1335.781
2316,1386.759
2317,1655.555
2318,1908.533
2319,1871.523
2320,1648.561
2321,1481.957
2322,1434.007
2323,1413.602
2324,1404.803
2325,1597.445
2326,1723.573
2327,1557.943
2328,1407.726
2329,1450.233
2330,1501.463
2331,1453.076
2332,1370.892
2333,1389.643
2334,1655.052
2335,1919.676
2336,1933.857
2337,1796.029
2338,1639.386
2339,1531.122
2340,1554.745
2341,1775.672
2342,2108.998
2343,2387.686
2344,2326.507
2345,1831.676
2346,1619.092
2347,1583.814
2348,1420.290
2349,1375.955
2350,1439.978
2351,1441.456
2352,1460.146
2353,1507.355
2354,1525.869
2355,1521.489
2356,1513.467
2357,1573.510
2358,1629.675
2359,1630.335
2360,1803.835
2361,2057.779
2362,2047.457
2363,1795.240
2364,1598.563
2365,1475.795
2366,1453.172
2367,1447.693
2368,1377.910
2369,1384.203
2370,1380.879
2371,1445.323
2372,1479.551
2373,1416.217
2374,1406.690
2375,1376.930
2376,1286.316
2377,1266.171
2378,1319.334
2379,1660.318
2380,2195.845
2381,2514.194
2382,2338.819
2383,1875.030
2384,1818.978
2385,1861.684
2386,1664.458
2387,1406.301
2388,1449.992
2389,1777.646
2390,1958.976
2391,1763.028
2392,1512.428
2393,1482.113
2394,1592.639
2395,1556.807
2396,1488.347
2397,1498.924
2398,1681.966
2399,1929.354
2400,2056.787
2401,2121.780
2402,2025.262
2403,1714.131
2404,1569.458
2405,1523.483
2406,1447.474
2407,1445.023
2408,1440.885
2409,1459.578
2410,1386.839
2411,1320.516
2412,1459.299
2413,1580.915
2414,1524.371
2415,1462.084
2416,1447.504
2417,1457.925
2418,1511.698
2419,1476.092
2420,1507.551
2421,1649.435
2422,1650.758
2423,1589.138
2424,1603.407
2425,1686.376
2426,1761.872
2427,1774.698
2428,1732.564
2429,1702.766
2430,1646.688
2431,1654.306
2432,1656.026
2433,1554.054
2434,1423.062
2435,1342.155
2436,1292.177
2437,1358.695
2438,1390.929
2439,1411.778
2440,1455.197
2441,1500.229
2442,1560.374
2443,1837.020
2444,2198.534
2445,2435.024
2446,2393.691
2447,1926.752
2448,1574.635
2449,1467.999
2450,1479.521
2451,1400.701
2452,1372.124
2453,1421.382
2454,1427.305
2455,1372.429
2456,1328.740
2457,1348.735
2458,1323.403
2459,1234.493
2460,1255.129
2461,1367.190
2462,1433.751
2463,1455.964
2464,1423.594
2465,1369.700
2466,1406.761
2467,1419.740
2468,1380.575
2469,1407.618
2470,1555.479
2471,1616.127
2472,1464.866
2473,1373.754
2474,1451.296
2475,1544.312
2476,1551.435
2477,1547.889
2478,1440.876
2479,1328.276
2480,1311.109
2481,1275.362
2482,1229.098
2483,1191.164
2484,1187.074
2485,0.000
